ts_utc,kol,visibility,token_symbol,token_address,dev_address,kol_entry_mcap_usd,our_entry_mcap_usd,kol_exit_mcap_usd,our_exit_mcap_usd,bnb_in,bnb_out,pnl_usd,pnl_pct,held_secs,close_reason,buy_kol_implied,sell_trigger_tx
2026-05-28 07:19:08,D,public,光源,0x11a6659ce99d6a0d5868af8fccf24fed951a4444,0x212af64bd76116c700fff9d246ac0e2d8dd53576,4922.00,5181.00,29919.00,23472.00,0.096214,0.289082,122.11,200.46,29,kol_sell,,0xb45b29bc73b40a6d88dd62b6c2922301c6ef7f05930eddd44a12b2216cbd7de6
2026-05-28 07:19:06,D,private,光源,0x45d89b2f5ef959a1bff96668b9ccce1e13ff4444,0x32b68553255e3525519cc6bf21d4821e4e62d9bd,41172.00,42888.00,132687.00,145898.00,0.038380,0.130562,58.39,240.19,14,kol_sell,,0x78865e8b848838aa64247d5807c19d8c65e23bea2f9dd1272e9e820d66a6da82
2026-05-28 14:02:49,D,public,What if,0x62428e79b491922e06e91e80e6fa25987b794444,0x38d0a7bc7e50632abe2df38e061680455fb89266,5827.00,6133.00,13522.00,12742.00,0.056274,0.116914,38.28,107.76,6,kol_sell,,0x743daef0bfeaeea0ff93d0d16eb95df091611dd2b4f68089114f73935d540af1
2026-05-27 12:02:04,D,public,MPW,0xf3795b94eeda4485bb7e735ac46a8b9e7ecd4444,0x815f173371323a3f8ea9bf15059e91c9577ef7a7,4776.00,5027.00,13422.00,12618.00,0.034863,0.087512,34.37,151.01,19,kol_sell,,0x8c4d8e685740e63c9a98fd312750ff299ab95444e3110e82b096807e3890c6d8
2026-05-26 13:50:20,D,public,FOURHOUSE,0x36350bc624d09357f0f38cecc162fac4bca84444,0x57a01234c07902722dca5c7363c4cdde6b059f9d,8435.00,8878.00,23781.00,22322.00,0.029732,0.074749,29.81,151.41,10,kol_sell,,0x9687859e944901b58c2d6704204296a0af5460a221b188020a6b4c8ebf3e9266
2026-05-26 09:12:22,D,public,RichBear,0x9d601dae218b319899983337a6bd3780bfb84444,0x1f4788f67b734a693c474b6156d6729a61d4c46e,6083.00,6403.00,15344.00,14397.00,0.032632,0.073373,26.73,124.85,10,kol_sell,,0x349e8f21f31095b60a0d9cad2fbe2ea4f84e8f7377e2bdf811369c7b614ac6cb
2026-05-28 14:42:32,D,public,VBNB,0xf5af1b9eb91cbdfb3250cf3d096f1af874ef4444,0x78667855f74bbe1e64718a97f33a824fab79ff09,4622.00,4866.00,8263.00,7776.00,0.062338,0.099688,23.58,59.91,24,kol_sell,,0xddcfc16f7915abef468d98fe8f1e996f2692e4e86a68c78dfabcbac012ae437e
2026-05-27 11:25:47,I,public,華語,0x11d7b0976163c9a39cac9e439827a7db3b064444,0x7eaf232fff53499fd3ead3c93924671b149e4837,4592.00,4834.00,11253.00,10543.00,0.030000,0.065427,23.13,118.09,12,kol_sell,,0x934914e739179ac99853da855e8b9f8ea76ff20e868c6908ab16a69a84d832d1
2026-05-26 17:45:34,D,public,BUMP,0x2b6e3d7141efba79b0856e911c7aed001e744444,,4873.00,5129.00,11535.00,10797.00,0.028951,0.060945,21.09,110.51,24,kol_sell,,0x94d245ba6eef227f658c46dfd6353abd450d8a8c6501f69ecb46343a4a9f78e6
2026-05-26 12:00:23,D,private,VIBEDOG,0xbd0be2e16948f7af29c7c048ae818cc271e54444,0x3add548bb066046e271c45e427a2dc5bc1cb907f,5600.00,5834.00,19494.00,18356.00,0.014878,0.046815,20.95,214.65,10,kol_sell,,0x70cc0e89781480cf2ef2cb4ba9bdbe55d7368924847884fa08224af84a6be4d3
2026-05-26 09:10:14,D,public,大熊贝尔,0xaa8ba2b3904efd96b63582e98845f8f03a494444,0x815f173371323a3f8ea9bf15059e91c9577ef7a7,5152.00,5423.00,11083.00,10363.00,0.029907,0.057152,17.88,91.10,7,kol_sell,,0x7085b652bf8cd1f5ebbb5c3cb2fd302d19acc7169bb3f571a57ae3baa63b59e6
2026-05-26 15:02:28,D,public,BYOR,0x6bdfb4ae8b60bea441977d7a0bed55d4966e4444,0x1f4788f67b734a693c474b6156d6729a61d4c46e,6029.00,6347.00,11685.00,10899.00,0.028526,0.048989,13.55,71.73,13,kol_sell,,0x033e5562856fc6bb37f894bf471764d9e35de4441768e7257f1c603f4b79e6ad
2026-05-28 10:22:42,D,public,班味,0x5580699aae8db08a9a5a81378242369446c34444,0x6f440e7d3a7b22cb93f7e7bf08c0031421ed1e6d,6677.00,7028.00,10070.00,9444.00,0.054475,0.073202,11.85,34.38,13,kol_sell,,0xa90ccd415cf3915409306606148996ec2926f480398125431704e379eada3ba6
2026-05-28 07:19:13,I,public,光源,0x45d89b2f5ef959a1bff96668b9ccce1e13ff4444,0x32b68553255e3525519cc6bf21d4821e4e62d9bd,99842.00,100229.00,136904.00,142499.00,0.061809,0.079879,11.45,29.23,13,kol_sell,,0xc94aa3cd2ebfbb9298f68195d141a70831f63c54f8ad65dd1bb92534c3c81e27
2026-05-26 14:01:02,D,private,磁场,0xd5ffda00a91425a947011d60b96a4ed830144444,0x1f4788f67b734a693c474b6156d6729a61d4c46e,5124.00,7901.00,31902.00,29350.00,0.005612,0.020838,10.08,271.31,166,kol_sell,,0x6c125aff0dbb97653669cd5dc4d198daf45f65ee2a38346c43b3904686301c4d
2026-05-26 14:01:02,D,private,磁场,0xd5ffda00a91425a947011d60b96a4ed830144444,0x1f4788f67b734a693c474b6156d6729a61d4c46e,5124.00,7901.00,43166.00,41729.00,0.002850,0.015066,8.08,428.67,351,kol_sell,,0x6ea5caf50cc545ee772445f5a520212924e460bd311d462b16fa97f275e6e0cb
2026-05-28 07:19:12,D,public,光源,0x2cf824a88af3f88bd4198fa10c5d6f5c44494444,0xe881f671b1ede86d4a8e3315ce13b77257ec7525,6700.00,7053.00,10836.00,10036.00,0.025882,0.036830,6.93,42.30,15,kol_sell,,0xd60f1c67a9cad42cdcf5b423743b6e0e0080896c598e35f25d7b155e9b8bae9e
2026-05-27 10:54:52,D,public,锄头,0x41ae12f0f0e3eed778839e6c12d039630e5b4444,0x1ef832120aa68c650e84df4769c5d9616d914014,4686.00,4933.00,6922.00,6442.00,0.033828,0.044176,6.76,30.59,18,kol_sell,,0x1c917f23d121905c5973df7dd0ee2d08a3da522ec4de33d06b796ac21a20e6c0
2026-05-27 07:03:27,D,private,雪,0xeb42bbb7e5f813b980c8658501905292e6a34444,0x7c57d5632abe5027950f49c4619563dd068db1e7,4710.00,6673.00,11139.00,10355.00,0.018114,0.028110,6.53,55.19,11,kol_sell,,0x4349323072968883919af6ebcf1fad37f9789d600fbf8621891cd1f7a96c4f7c
2026-05-26 12:00:23,D,private,VIBEDOG,0xbd0be2e16948f7af29c7c048ae818cc271e54444,0x3add548bb066046e271c45e427a2dc5bc1cb907f,5600.00,5834.00,19002.00,17155.00,0.004908,0.014437,6.25,194.13,24,kol_sell,,0x6c3061e46e1d20fc288e7ef3f7cd9eed4ea8b69ca6491463f9324acd793bbd90
2026-05-27 15:59:40,D,public,FEMO,0xdeb8d1acb2b398012eb797a2b7fa989e78dc4444,,4580.00,4821.00,6472.00,6030.00,0.037671,0.047125,6.16,25.09,15,kol_sell,,0xd0b316052aa54b13439244e63a5b70cc31be3ad07b0c88bb4a63b7228fc42398
2026-05-27 07:03:27,D,private,雪,0xeb42bbb7e5f813b980c8658501905292e6a34444,0x7c57d5632abe5027950f49c4619563dd068db1e7,4710.00,6673.00,18937.00,17155.00,0.005978,0.015367,6.14,157.09,31,kol_sell,,0x804bbefa9cb21f7a196468df6926a347eadfb1481befd6084dfcda17a4b9838e
2026-05-27 16:36:01,D,public,TransparencyAlliance,0x4c714cc03cca688c529b674b7977727033634444,0xca897a53b7e603d0248adba31fd187525773cf21,7156.00,7532.00,9827.00,9157.00,0.038617,0.046932,5.42,21.53,38,kol_sell,,0x7943045ac5162df67b7bbf086d5062a6ce8029ba9805dca01e94ce638ee8df7e
2026-05-26 17:45:56,D,public,BUMP,0x1dd172d6d41722c825d23e04dbf91dc56bcd4444,,11381.00,11980.00,17010.00,15741.00,0.026056,0.034233,5.39,31.39,14,kol_sell,,0xee2d7997ab00dfd203fab3fe514a751c72648c40e5ff95eb0cc9950e4a3349a2
2026-05-26 12:01:14,D,private,BLOCKSHOALS,0x1c2ee8a2ed2be3bbbb36935fb1049fa849e34444,,6089.00,6342.00,12248.00,11053.00,0.008227,0.014334,4.01,74.24,4,kol_sell,,0x67b4cd2052eb4b35c850a82cc2ee496f1737d5781a3f5e167c12e4f74510686e
2026-05-26 14:30:12,D,public,和,0x0924a9743909aa6de5b2347191825f8f9c764444,0x32b68553255e3525519cc6bf21d4821e4e62d9bd,5697.00,7745.00,10162.00,9223.00,0.031102,0.037038,3.92,19.08,15,kol_sell,,0xccd74215b4d20d59b45f3fc4da5f0b216265a16f9756e9ade15068ea75227b95
2026-05-27 13:44:50,D,public,H🔶DL,0x6dabc6b5f07c7fdadbfbd4d64258937f07474444,0x4866015cc5f98911757e4d63fdfd859f594aef42,6682.00,7033.00,8772.00,8156.00,0.036407,0.042224,3.80,15.98,58,kol_sell,,0x3b65f822df2a706700caea791ecc9cf0a046f206c7a1512b40b994afe68acccb
2026-05-27 07:03:27,D,private,雪,0xeb42bbb7e5f813b980c8658501905292e6a34444,0x7c57d5632abe5027950f49c4619563dd068db1e7,4710.00,6673.00,18500.00,16230.00,0.004005,0.009741,3.75,143.23,45,kol_sell,,0xc29ee7e7b206d14deecf538a207fe2d11a087e18e5c2374ec351ceeaaab105de
2026-05-26 09:10:14,D,private,大熊贝尔,0xaa8ba2b3904efd96b63582e98845f8f03a494444,0x815f173371323a3f8ea9bf15059e91c9577ef7a7,7561.00,7876.00,11083.00,10160.00,0.015000,0.019349,2.85,28.99,7,kol_sell,,0x7085b652bf8cd1f5ebbb5c3cb2fd302d19acc7169bb3f571a57ae3baa63b59e6
2026-05-26 14:01:02,D,private,磁场,0xd5ffda00a91425a947011d60b96a4ed830144444,0x1f4788f67b734a693c474b6156d6729a61d4c46e,5124.00,7901.00,10155.00,9363.00,0.017012,0.020160,2.08,18.50,25,kol_sell,,0xa3de1ab656beb995a8e2e46cc27e744932eab7c2e5b10c486b42c19f4c5ad322
2026-05-26 15:32:35,D,public,Flipsters,0xff7d8d368d049b90ad7d05b8f2d0754f89544444,0xe93baefa2494fea0358d5b14add2487dbe670b55,4560.00,7489.00,9694.00,8159.00,0.032831,0.035771,1.94,8.96,6,kol_sell,,0xc21a753a6ffe03ad8ebb0f12ed44d55b7110f28997e53e376ae45fba3736baae
2026-05-26 14:23:09,D,public,耐心资本,0xca63471f4393e5e9d5ed709c5499407767164444,0x32b68553255e3525519cc6bf21d4821e4e62d9bd,4804.00,6282.00,7587.00,6878.00,0.030810,0.033731,1.93,9.48,19,kol_sell,,0x91d0769e7825c2718f5cf374b3b4f04dde824f45f74a3a35d42d75b099c7cfeb
2026-05-27 07:03:27,D,private,雪,0xeb42bbb7e5f813b980c8658501905292e6a34444,0x7c57d5632abe5027950f49c4619563dd068db1e7,4710.00,6673.00,13495.00,11448.00,0.004066,0.006974,1.90,71.54,68,kol_sell,,0xb47612956ba9bf60e25761fecc635fc84928897bd4bd43ce8516ade9b95ac4a8
2026-05-28 11:01:33,D,public,罗永浩的X字路口,0xfa88628a8669221db80bae8e971c33c8428a4444,0x0cd7aa893e2f84db32cc548c7ab4abb5e825af20,4939.00,5199.00,5745.00,5371.00,0.056348,0.058214,1.18,3.31,19,kol_sell,,0x27b23f89c1bbda1b9fded8ca89bd2753884eda95082aa356bd97163e5f0d88bf
2026-05-26 12:01:14,D,private,BLOCKSHOALS,0x1c2ee8a2ed2be3bbbb36935fb1049fa849e34444,,6089.00,6342.00,7693.00,6673.00,0.008144,0.008567,0.28,5.19,7,kol_sell,,0xc276cf9bfabc3905df08e63bbd19ebdbcf56eccb3020f86f5db619e6330062ee
2026-05-28 16:07:28,I,private,开始了,0xd0fb175508ed8ca5c7cec90184ddb0ab91114444,0xb72bf850b044111221bfb398dfb2e12d85c558f6,4599.00,4791.00,5213.00,4842.00,0.028141,0.028440,0.19,1.06,6,kol_sell,,0xef9870d9f2b95594c3e7fb93215ddfa0154362231d5d86390b083c720a7c290d
2026-05-27 13:23:56,I,public,香蕉猫,0xd9a60051addbd91310e5df79e081382b93b24444,0x6a900ee716a579a6ea984015697de9fbf98989fc,5657.00,5955.00,6475.00,5989.00,0.033486,0.033675,0.12,0.56,1,kol_sell,,0xcb9149da7584f147353aac18fab3a80ff502886dc5684611e63eefcb0799c420
