ts_unix_ns,phase,kol_name,visibility,token_address,token_symbol,bnb_in_wei,gas_gwei,nonce,tx_hash,wallet_bnb,broadcast,limit_skip_reason
1779688805948781071,tiny,C,public,0x302c29cf6caa8bb00f5bd3d68a6fd8b26cb24444,,1000000000000000,1,161,0xa5846a76cb515c41d1a9ac9bf0938f00dcb60e229031a111e85ea21455ec2b62,0.170033,true,
1779688810077779306,tiny,O,public,0x302c29cf6caa8bb00f5bd3d68a6fd8b26cb24444,,1000000000000000,1,162,0x709b7bb0beec244a2c00ad0ad352dca109f8a4195fa6c2f9bfd9f8313c81d2c1,0.168836,true,
1779688819072862439,tiny,O,public,0xf20b6c2b869f197cdf073dd2655b566963644444,,1000000000000000,1,163,0xde12fd31daf56ae01f8ea249fa1d4fdccaaecf20606ad8bcb473e6dee6bf4d29,0.167655,true,
1779688836597482038,tiny,O,public,0xf20b6c2b869f197cdf073dd2655b566963644444,,1000000000000000,1,164,0xcb094b87f81294b30d45d4f0166d9d6aa777f6e5c5f357e770db7104eaf52ca2,0.166464,true,
1779693387516867773,tiny,A,public,0xe99aef6cf26dc7fb62dda513c69ac709a35f4444,,1000000000000000,1,167,0x4517867232ecd7aac15a2ce1278a5086b387be2effca5a6e8778de8d4a053de7,0.166762,true,
1779694577074638342,tiny,A,public,0x7a4ad157de6e827e4f79aea3266a88fcf0e74444,,1000000000000000,1,168,0x9072b8db7716c7e844b8dbf0239801001ce41298ad8874e2960a900cae633c5a,0.165565,true,
1779694744246889972,tiny,A,public,0x4e6cbe10e9f7120d19d0fdba68b092545b6d4444,,1000000000000000,1,169,0xd1a506b7218badbe0a412d9e7a079997b02d6442d99c0f14b3a76a34724fa170,0.164373,true,
1779695721991549138,tiny,A,public,0xffc3f04835fcf7b33786c3d09cff6b1f9c6d4444,,1000000000000000,1,170,0x05b6c73de22632175752070b657d0de7c723c3bcb6eb2247c8292778871f057b,0.163182,true,
1779697229164276991,tiny,A,public,0x081100976cc489992bba172f82ceb09fade84444,,1000000000000000,1,171,0x578aa3894319f42e4436d5ec8d18018f0fe260a9c9110b22ded9530f5998afcd,0.161991,true,
1779697585791675248,tiny,A,public,0x60b381134abc60a0f1d547cb38dcbd70b8684444,,1000000000000000,1,172,0xfead67103fcf5466e92b7b6b80bd1a81868b6200432e11b8ff86b0a9a32ef7c6,0.160800,true,
1779699369501169427,tiny,A,public,0xe70e700e1a344b2cd428ccb0fdd87369afd24444,,1000000000000000,1,173,0xb15af21f148fb1a2d3fd940bfcc1688d0e0a46997aed24d2af4316e23688cc71,0.159602,true,
1779700029530197351,tiny,A,public,0xc2ed8228f306b1062444e10a0addfcf303e04444,,1000000000000000,1,174,0xa3a8c768375f5ff792f680c68fe44882c51e646ab2cb511f684ee7e913f14c73,0.158488,true,
1779700225251001961,tiny,A,public,0x031c99fd0041c3ae15ba3d05a9030f007a334444,,1000000000000000,1,175,0x86781bfd6f0ef68d40a4e8524e86de5df7a2e7f4763fa3382ee740fecff18c7c,0.157364,true,
1779700250655001366,tiny,A,exit,0xc2ed8228f306b1062444e10a0addfcf303e04444,,0,1,177,0x20140dc2081037c6e9359254bbb3d82b23d4d350ebcc05833ad368e3710cbfae,0.156120,true,
1779701810092965885,tiny,A,public,0xfee313e54f52afa6054fdc50ee96aae1f07a4444,,1000000000000000,1,178,0x061df70e14dd8555dc0c80218b978fa1196379e03937c1c19270992fc3457c93,0.156776,true,
1779703273410339754,tiny,O,public,0x8ab4efe0c51af1cdf52169ab6db9f7d7c19a4444,,1000000000000000,1,179,0x06211d225efa429093b499c4496a4e3c866d29a9c128eaa15fa580fd2014fe66,0.155578,true,
1779703275398364745,tiny,D,exit,0x8ab4efe0c51af1cdf52169ab6db9f7d7c19a4444,,0,1,181,0x9920efc9131590145262e2f88cf464c5308d5d260cf391f4ef599640772645c8,0.154418,true,
1779703275411922633,tiny,D,exit,0x8ab4efe0c51af1cdf52169ab6db9f7d7c19a4444,,0,1,182,0x89fd206701552e95f93d0e05d9ef39f4f6c4f550c7a0186bba58531550d92cb1,0.154418,true,
1779703275644981844,tiny,D,exit,0x8ab4efe0c51af1cdf52169ab6db9f7d7c19a4444,,0,1,183,0xc493542b0749c7061b3096d1c805b371669048ab6847bf6fb63f362201d05c5c,0.154418,true,
1779703356045082441,tiny,D,public,0xec58ef20733e410d601cab08e5adc769424f4444,,1000000000000000,1,184,0xdfdbab70eb1fc89885dfc0c45bd2b49c0d606c62cebc32dc6cb6f753131ee169,0.155468,true,
1779703425183305831,tiny,K,public,0x8ab4efe0c51af1cdf52169ab6db9f7d7c19a4444,,1000000000000000,1,185,0xd3bbf34f0b283ff244b4c48b2de5f7c2ec7f363e7bfde9e8ffd1a31366846308,0.154270,true,
1779703500250410044,tiny,D,exit,0x8ab4efe0c51af1cdf52169ab6db9f7d7c19a4444,,0,1,186,0x2524603ffe1c334b26b06c5b7221824e3c03959bf4d0e1bf6bd5b96a5ab2f18f,0.153156,true,
1779703761077434370,tiny,K,public,0xec58ef20733e410d601cab08e5adc769424f4444,,1000000000000000,1,187,0xa00feae25fb8f7f734bdc180efc8655a9b60128d6e2f2798e7488e8fc5418fb5,0.154877,true,
1779704021117081960,tiny,A,public,0xec58ef20733e410d601cab08e5adc769424f4444,,1000000000000000,1,188,0x7a322d4adf535ae5fdb3addd4e7a43992cb0108e80c511e575db69004043abb8,0.153696,true,
1779704155049558345,tiny,A,exit,0xec58ef20733e410d601cab08e5adc769424f4444,,0,1,190,0x4d0d28ade6a1cfa67211938fdafc2f7909deb96714f80bfe0fa2cd9f4ab94e2e,0.152553,true,
1779704282717854953,tiny,D,public,0xea54663b72b68ced543bfe9387f706b3f27d4444,,1000000000000000,1,191,0x288746bc5662b5b95e6a9ef8db66192e23ae2237cb6a8bde98faeecc456a2c19,0.155050,true,
1779704297068577455,tiny,D,exit,0xea54663b72b68ced543bfe9387f706b3f27d4444,,0,1,193,0x573c9101a38aab3900a5f70dcfb1a584a0ba277f45fdb150d99c98f12beb1c98,0.153890,true,
1779704297081200047,tiny,D,exit,0xea54663b72b68ced543bfe9387f706b3f27d4444,,0,1,194,0x40977e2cc5ba9458ecdb10158274a86ee2a468ed97416224107a5503d55c4bb5,0.153890,true,
1779704386341562501,tiny,A,public,0x925c8ab7a9a8a148e87cd7f1ec7ecc3625864444,,1000000000000000,1,195,0xd8658ce0dad5e67cac928acaad9c24586e922ab46997a64f44cae506a4e767fc,0.154703,true,
1779704906344877981,tiny,D,public,0xff6b0006d17af50a0c0082ca1beb03af3f284444,,1000000000000000,1,196,0x67eca05726d3d78624e1ce8b5497b888a9d0e98db988d9b700b7ae10d9658049,0.153593,true,
1779704917562468707,tiny,O,public,0xae7bd5a656d4f45d946609704ee4c7fc67946f2d,,1000000000000000,0,0,0x0000000000000000000000000000000000000000000000000000000000000000,0.152479,false,unknown_venue
1779705090585263594,tiny,D,exit,0xff6b0006d17af50a0c0082ca1beb03af3f284444,,0,1,198,0x228109ed89a7bfb6e42029e2203aee1f7627cffe4133edb07aa6b8aec90fab66,0.152433,true,
1779705090599022022,tiny,D,exit,0xff6b0006d17af50a0c0082ca1beb03af3f284444,,0,1,199,0xe7383249c30feeac0e5c844fbede29a35da4cdace7da3ab0ce48c52788a2b8db,0.152433,true,
1779705479036919119,tiny,D,public,0xd833f9621fd50277d626832378147e82959c4444,,1000000000000000,1,200,0x7fa1130afb0150a01beda90622246e7605d913627e368f94495ea41fef59db04,0.153132,true,
1779980646911621160,full,D,public,0x30161b243358eb63d75171870e3fb53a36764444,,15784478727455322,1,227,0x337f8f8ef75e99801c3de966bbc80dfa59672bd6245a47f8519c40faccc17c3c,0.155938,true,
1779986265360075969,full,D,public,0x5f8bf07186083c949ab84c6f2afe1c62fe154444,,15701653839600902,3,230,0xaaf1240cc5f6ef254e464a2b3979700513b6c5ec72b3c5a446e47664f69779ab,0.148163,true,
1780023641914831386,full,D,public,0x45229ed2b4d93dc1d960ede973bc9ad1828d4444,,15785549324616472,3,231,0xe1fd762d31a4dce0e4c0150453e0554c3cc0a360c6a399b75faab5838753c898,0.262275,true,
1780023652443693878,full,D,exit,0x45229ed2b4d93dc1d960ede973bc9ad1828d4444,,0,3,233,0xb33859794570a4348b20c1bca4b0143875e09783e3621d30835de95423ac02ab,0.245756,true,
1780023654127230391,full,D,exit,0x45229ed2b4d93dc1d960ede973bc9ad1828d4444,,0,3,235,0x4868bbe0e01339ef7d787b201709d7d8ad7f6066a49510e6a5134e7d842d340d,0.245493,true,
1780023654504095693,full,D,exit,0x45229ed2b4d93dc1d960ede973bc9ad1828d4444,,0,3,236,0x74eeee2c08c33c974cf3749ceb313632e2ebcdc47f0890badc29537c56e966a2,0.245155,true,
1780023666355779529,full,D,public,0x1b29d7def95094b3eda7813a48a6348999504444,,15785549324616472,3,237,0x4199869bc9dba4250752490993c8b0d8d05d6fca7cf39c9f245176210c7a0cb9,0.256655,true,
1780023678684431181,full,I,public,0x45229ed2b4d93dc1d960ede973bc9ad1828d4444,,31572085118558448,3,239,0x5e9d82e35f0bc8348f3a493012ea684a21de4cdc490f055ae18ba433267f3ae1,0.240137,true,
1780023705780401017,full,D,exit,0x1b29d7def95094b3eda7813a48a6348999504444,,0,3,240,0x9cb308d00d8b5d0bda474207196f7a2129460478536640450bba8dd2734adc4f,0.239727,true,
1780024490588723582,full,I,public,0x160d1612e069f6eb608220b332219056a1d64444,,15737235948731742,3,241,0xfd5de66818b7d7aa64667f92ea55c9363b55282eecbb34040f10244c0294a51b,0.273139,true,
1780025304601490854,full,D,public,0xe42fe2c48cd9fbcba20f12c75518a7cf1a734444,,15753252168486516,3,242,0xd49615ea97cd6cb10bef38fadc10ce879b53d371a86b6de2f24463f0fbad7904,0.272698,true,
1780025312549144221,full,I,exit,0xe42fe2c48cd9fbcba20f12c75518a7cf1a734444,,0,3,244,0xb8faa1b0a562f45c55856969d0fa07e4ec93ff822fe40d999a1d18e038f1bc91,0.256212,true,
1780025312973619141,full,I,exit,0xe42fe2c48cd9fbcba20f12c75518a7cf1a734444,,0,3,245,0xaffd367f543be273d2f22ab78488f59a3e980614fd3724af398922c7447daacb,0.256212,true,
1780025458811438530,full,D,public,0xb15c87115ad5ba15add8a0c089fe1fdd38fb4444,,15750332859297222,3,246,0x58985ff8ac1b8feefd899ae57da570c99bf4398de994b3483741d1160e9be20f,0.270775,true,
1780025787766568879,full,RETRY,exit,0xb15c87115ad5ba15add8a0c089fe1fdd38fb4444,,0,3,248,0xa0818a4056a84ce0acfd2f5887f2dcc66a448650bdcef7ae012f7aa0da8cad28,0.254292,true,
1780027601400480252,full,D,public,0x39faef60fbfadd8758b9b90f6a1d9180d4fc4444,,15745481924151986,3,249,0x5e15dcca1ec198a533de9740292c5553326445b99c3f7e5eb2d98de38c93913a,0.269632,true,
1780027635864282002,full,D,exit,0x39faef60fbfadd8758b9b90f6a1d9180d4fc4444,,0,3,251,0xa3ba79eaac0ce1e1b6876e3b629af9ca3bd40fa3c90d7ee1bb7ca9d440dcf20d,0.253154,true,
1780027636061924474,full,D,exit,0x39faef60fbfadd8758b9b90f6a1d9180d4fc4444,,0,3,252,0x5a477b80a7d1d0d9b62d4bd9396d47c6698636a2282d68cafbac83c097872534,0.253154,true,
1780029429552190510,full,I,public,0x41ae12f0f0e3eed778839e6c12d039630e5b4444,,15738791569035046,3,253,0x9c9bbb96a18505ca8a5a1f7ea7af0a68f84240e01e05f265d45fb72fe76e4f78,0.263067,true,
1780029604989787520,full,I,exit,0x41ae12f0f0e3eed778839e6c12d039630e5b4444,,0,3,255,0x6472fb330da9837cc9f2edc39163784e27446e03cad98fce7348d82745b56acd,0.246614,true,
1780029605002535698,full,I,exit,0x41ae12f0f0e3eed778839e6c12d039630e5b4444,,0,3,256,0xd7c22812650c7fead8906b17bdde823c2a216666d033f1e7b858663fcf68622b,0.246614,true,
1780031045848972021,full,I,public,0xf5a751a848c886fb60e69bca8ea315a0193d4444,,15724551236349426,3,257,0x3e45a246243786b76abe1795a3100ba074f33f5260d761e781d5141754a827e8,0.259185,true,
1780031046649331837,full,I,exit,0xf5a751a848c886fb60e69bca8ea315a0193d4444,,0,3,259,0xb31f2a0b2f60d8434b142c57d115af545c8e8d968fb04b5d1e2a311892acaff8,0.242728,true,
1780033684156608325,full,D,public,0x3b681f6973aa3e4400397cdb925c729c00a44444,,15698275072065722,3,260,0x73f279d4ddf1e299e3ac5034ae0aa4e031a31c5526f15beffc964ff7a0532b0c,0.254291,true,
1780060061279433942,full,D,public,0xf0b1c4adc409ca1a0671d38b268622985e014444,,31502650226054536,10,261,0x84a9d11f785f95cf421d7c201a819a1585815c3c6cf49ee6c66b61a55f5938f9,0.253850,true,
1780060063101310306,full,D,exit,0xf0b1c4adc409ca1a0671d38b268622985e014444,,0,3,263,0x34931a92eaffe827a672e526e95405a2c01960c0548b1b34a13b7cf71435a2e3,0.220231,true,
1780060096802483071,full,D,public,0xd8107cbe3ee55abd6a80614e5ee3530489934444,,31500665238325156,10,264,0x409c6ee1ad84652f4fbdb126ae7bf1ce2d58977c77892795188661f957f56dfb,0.252483,true,
1780060115635489041,full,D,exit,0xd8107cbe3ee55abd6a80614e5ee3530489934444,,0,3,266,0xa28b5ecc44b2a480b6841e779f9204e0ee453502871c813ca07885b78335e690,0.218930,true,
1780060573839033280,full,D,public,0xfa7c61eef5432395e2ceebeda5e845b1a7c14444,,31527061026586096,10,267,0xc08a0e7f83745c59eba1ce25f1214064279ef6afdd801ff09b59543a1f771a5b,0.264994,true,
1780060581413144483,full,D,exit,0xfa7c61eef5432395e2ceebeda5e845b1a7c14444,,0,3,269,0x5b521eb27f5e3ef55372c7a21d45b1e5dbda4e282c1140d2e7691ee7af8f1c04,0.231351,true,
1780062190872485925,full,D,public,0xe8ec31c2dccd469bec4a0dfcb3d9f560fd4a4444,,31520662964927844,10,270,0x93e6d114aa9c7708c98474e8aede0c62a4db7bd0a7186de676738ca752d7372d,0.248419,true,
1780063158222312974,full,D,private,0x2390ac827201388d439327e2c55f754b505c4444,,15746890776416194,10,271,0xed923e686ce9ebb7f28ae16901808a35ef97c6f2b4319d438bb30603503ad3db,0.247053,true,
1780063197781811636,full,D,exit,0x2390ac827201388d439327e2c55f754b505c4444,,0,3,273,0x54f4346d05f0206130a61ae27d4fdc40aa5b16fbb7901727ce73862e21b215e1,0.229191,true,
1780063198042900787,full,D,exit,0x2390ac827201388d439327e2c55f754b505c4444,,0,3,274,0xe7ad84f1566b4e8edd2765e49a4aabab49b78c647dee5e83cf92fb95997e754d,0.229191,true,
1780111878754098831,full,D,public,0x2108911f79096798c1ea576765534c6acf334444,,30424358958756736,10,275,0xa285049ed17c3fb23d616b7bb53b6efbf1c5c92549eefce4b7aa0ad17240f836,0.245094,true,
1780111899314754913,full,D,exit,0x2108911f79096798c1ea576765534c6acf334444,,0,3,277,0x5acf5e1e7fe0a46d531a301b03be8a3332dbfd04d0bfb6499374496e0e8a8761,0.212554,true,
1780111899500668016,full,D,exit,0x2108911f79096798c1ea576765534c6acf334444,,0,3,278,0x6a4bc19aad353189ef956190b8fc20bcfd3ecc824616a55b40985ca338576926,0.212554,true,
1780112012988913755,full,D,public,0x9938c7c81f5d3e16412b01d1c5a37c0be2d14444,,30434529367541964,10,279,0x82f8bb6ed508f2bb8c9462b39ea6eb13883bc492145638c4c01d6885b9722b0f,0.236449,true,
1780112046893054565,full,D,exit,0x9938c7c81f5d3e16412b01d1c5a37c0be2d14444,,0,3,281,0xdd3a56fde538f0c64407f64e0e5d53fa4e22ec0f8079c6529776ad20b113b8d2,0.203899,true,
1780113702128080201,full,D,public,0xa3bcbffc862e138da0195812c0f3c17857544444,,30386351829812240,10,282,0x246618962a03f2e717ffa0f0f9ae064d00e5da3477955539b8fbcb26c07716a1,0.235241,true,
1780115321998554424,full,D,private,0x0a9435064ce6622d628b3f091b2b08622c374444,,15232598558213158,10,284,0x4469085361156ad538b746b9049e95ab78d52e6fafe2dbfa712dac8a27700b66,0.202738,true,
1780115327964522422,full,D,exit,0x0a9435064ce6622d628b3f091b2b08622c374444,,0,3,286,0xe740bec34633004911017501db01e0d3cafcfd398595701926ef136f5c9771d9,0.185453,true,
1780115328269348784,full,D,exit,0x0a9435064ce6622d628b3f091b2b08622c374444,,0,3,287,0xf5f1c0a4effe53054a3d3560e5573dafebe8fcf0d8e85aa47ced04ae6e16b554,0.185453,true,
1780115345887034905,full,D,public,0x7a6233b57d64e23f6be675eba6e7ba9910984444,,30465197116426316,10,288,0x1f44879f2d466818b82141441cdfdf18bb8257ca71bf784bf18d5628dd569f2e,0.198882,true,
1780115347828714568,full,D,exit,0xa3bcbffc862e138da0195812c0f3c17857544444,,0,3,290,0x6b76338d56c8fc654967ab94bba019ed70413fa269aef8168a7480d9e67eadaf,0.166364,true,
1780115606713817345,full,D,exit,0x7a6233b57d64e23f6be675eba6e7ba9910984444,,0,3,291,0xb7a6bfabc090c0c4dc35d5f4ffad6b342e34fda68758eb2da589bbf035e3f4d8,0.206598,true,
1780115691093649213,full,D,public,0x3e7b9db09727c803484c5fe3898b71fcd5484444,,30483595836966032,10,292,0xa93163ef042273adac3aeb045cfa52416cc2e3a7923b46d6fcc0d8335364f4ac,0.227549,true,
1780116121548229340,full,D,public,0x5ad3c91e09e9272b7fb04c016b4f602380af4444,,30425230330433104,10,294,0x1f3aa79e2bd036d1f0d6cc930161f5096052b511007921f20b3964064d161fe8,0.194950,true,
1780116168023131274,full,D,exit,0x5ad3c91e09e9272b7fb04c016b4f602380af4444,,0,3,296,0x60faf90177648f0088236bacae97446bd1e5371dd29cf4b6291f427cf67df415,0.162409,true,
1780122533088951690,full,D,private,0x4785f1d74501faa6092c491a468b9e0186f64444,,15019342212893250,10,297,0x7ba76caef5fcc898502abb2e4c5f465601b28ec363c6479061b75eca509d6878,0.181123,true,
1780122543184912265,full,D,exit,0x4785f1d74501faa6092c491a468b9e0186f64444,,0,3,299,0xd49d0d1d77d9026836d92c78a4715db5283194b080dc0e460c33ef4d266f3c91,0.163988,true,
1780122553804038317,full,D,public,0x4785f1d74501faa6092c491a468b9e0186f64444,,30038684425786500,10,300,0xddcf40f19bebcc6a74efa7400562dc8a366a2527753983068c066f43085fab31,0.174022,true,
1780122560172817849,full,D,exit,0x4785f1d74501faa6092c491a468b9e0186f64444,,0,3,302,0x271c8da810fe54962f44257fdf62d1b0df9132ee999dc635aba7896c6266cfff,0.141927,true,
1780124581954709571,full,D,exit,0x3e7b9db09727c803484c5fe3898b71fcd5484444,,0,3,303,0x4b5dbedfa3287f23efaa01bd39cae281d69df2113ba978a224e0c366ba234bf9,0.165330,true,
1780124582372376392,full,D,exit,0x3e7b9db09727c803484c5fe3898b71fcd5484444,,0,3,304,0xafac1624e9d91a8fe8b150226ec3fc4ca1d835e4485ebe1c225870b77c708295,0.165330,true,
1780137678869432255,full,D,public,0x9938c7c81f5d3e16412b01d1c5a37c0be2d14444,,29681781619259916,10,305,0x9fea15289d0071608f843d1ef1721f51adc937cb1b684721de7cbae851ec9b9c,0.184225,true,
1780137707267787206,full,D,public,0xdec5b13fbbe7239c96ba18b9160b774ea5374444,,29681781619259916,10,306,0x9a1d1978d85563374699ee676871814617388e469f974bf5980fb610522019d3,0.182859,true,
1780140548115579062,full,D,public,0x75888d55564608f3fadaaf0d901f7eeafa204444,,29845697084988416,10,308,0x66083ece5764718cc9bc577c5e287ef19ab77330cdb38bced1578e4bde99e3be,0.151125,true,
1780140562168435077,full,D,exit,0x75888d55564608f3fadaaf0d901f7eeafa204444,,0,3,310,0x1bd6b656b652b8c97fe1be0927052534a05e95e36053ad330cc6a6e20e058997,0.119164,true,
1780141419062853545,full,D,exit,0xdec5b13fbbe7239c96ba18b9160b774ea5374444,,0,3,311,0xae6c624cfd28d283de7ec1e331c7fd104919fec5da0f7a81b6d9ca65b45e1ca5,0.134681,true,
1780141420991669023,full,D,exit,0xdec5b13fbbe7239c96ba18b9160b774ea5374444,,0,3,313,0xda66fbe8335fc5f62f80c8e772f7b91b4791a4ee60efa747bd67d457c2452e46,0.134418,true,
1780141432343736014,full,D,exit,0xdec5b13fbbe7239c96ba18b9160b774ea5374444,,0,3,314,0x80796a69f4c4af34f3b918695bda2709abe29a20546232f5d2e6abe6cee6de16,0.150984,true,
1780141432524461268,full,D,exit,0xdec5b13fbbe7239c96ba18b9160b774ea5374444,,0,3,315,0x1ac9e743e3f2b5ebef8a36e96782a00c39eb12262787d10ed9fd2921b1fb6b18,0.150984,true,
1780142461397103931,full,D,public,0x0f31284efd9668dcda20067aeac9652e11cf4444,,29712929426261656,10,0,0x0000000000000000000000000000000000000000000000000000000000000000,0.195375,false,daily_loss_halt
1780149099387399012,full,D,public,0x9bbef9075cb1af7f25c984c4ef6558c09faa4444,,29698818196412452,10,0,0x0000000000000000000000000000000000000000000000000000000000000000,0.195375,false,daily_loss_halt
1780150698233664546,full,D,public,0x102b2b0cc3e7caf21d1ab55c30ccfab54d8a4444,,29529623837334420,10,0,0x0000000000000000000000000000000000000000000000000000000000000000,0.195375,false,daily_loss_halt
1780153142689700729,full,D,public,0xa3b2e6fe983ac7193f2e098ad6f7c195a3824444,,29157776460623824,3,316,0x4c3ac68bcf1fc1c8197709f79132673fb38b7c07821741000aab890272ec6c74,0.195375,true,
1780153222374892465,full,D,public,0x5a34f859f5026e200177384b3b1efa596fc94444,,29154223127720100,3,317,0xa9a92e2dfca52074fc1c20c3eb28255ddfde3ab2b8b33576634d9ce10b5b5b7b,0.194965,true,
1780153237342410192,full,D,exit,0x5a34f859f5026e200177384b3b1efa596fc94444,,0,3,319,0x9973b8df65e7a511a525fa4c860f1a5cb25e2033b98b20e5110e70515c8eefb7,0.165078,true,
1780157371736818787,full,D,public,0x97e786f4c650c33a4b8bab376502613161b84444,,28665232930285676,3,320,0xda0b8a4eaaae6d282033b340f94571e72c64dff9194f17851399d754f2acdb0f,0.179775,true,
1780192934093312441,full,D,public,0x1d9c4355ae6c5cb675d28a7e00c93d0c3cc84444,,27507271877408056,3,321,0x7f408cb73fc417e88cf80adace6793fcae2395cbaab2903749f480877a9a7577,0.179365,true,
1780192958679106773,full,D,exit,0x1d9c4355ae6c5cb675d28a7e00c93d0c3cc84444,,0,3,323,0xadd48ec80db58d6b57d95301ef41f5a1adadee3e1e95a15f61f6a5feaf34ee9a,0.151125,true,
1780192958900814512,full,D,exit,0x1d9c4355ae6c5cb675d28a7e00c93d0c3cc84444,,0,3,324,0xdb34b4320ec588fb75ffca35811e2b051df5c43dc6e6fd31901527d2f847c2e4,0.151125,true,
1780193603776680524,full,D,public,0x2f701b108a9af5558960325a0239d0a13c2c4444,,27408360417396432,3,325,0xc5caa264377c0a2699de2c4c294345da985ce8a2cb6bf34d8e04bc98907b227a,0.175062,true,
1780194309516444843,full,D,public,0x8d0d000ee44948fc98c9b98a4fa4921476f08b0d,,27131126881490012,0,0,0x0000000000000000000000000000000000000000000000000000000000000000,0.000000,false,blacklisted_token
1780194754386468605,full,D,public,0x55adae909f52b1c7baf9a51352f2545705074444,,27242119790610144,3,326,0x7daf9528b67aaca18ec2359eff508e9b241369c25d83c4f53277c976a31cfa76,0.174652,true,
1780194768405844204,full,D,exit,0x55adae909f52b1c7baf9a51352f2545705074444,,0,3,328,0x21ba81f6f406bdf1afbc25590523fc7025c1bf3c88701a5e3afcce657536ae7d,0.146678,true,
1780195471062435596,full,D,public,0x464ab76243167dbe46ae712337a6b00d47ae4444,,27164534635528684,3,329,0xd11b852d7ce8033908ffb8ff45faa2fd355bd25c48d29138178a162404cd73f3,0.168973,true,
1780195483881755438,full,D,exit,0x464ab76243167dbe46ae712337a6b00d47ae4444,,0,3,331,0x7b1a3d0dc9790d5830df6e458abc56a5f841dc2788c6ce67fd0c3a2d46a14d4d,0.141076,true,
1780195828727351282,full,D,public,0xa459d6a1e04a2e4df9fd6bd6cd04da9f24ee4444,,27071944860497708,3,332,0x27d07e90e82d776c70c5198615a111abbd44dba802aceabe1c2f26a0160b65a0,0.177680,true,
1780195990413695103,full,D,exit,0xa459d6a1e04a2e4df9fd6bd6cd04da9f24ee4444,,0,3,334,0x326e36208d9b14de709a6ddf8690ac917d4fdbff7d09798255f327110803ed72,0.149894,true,
1780195992395645537,full,D,exit,0xa459d6a1e04a2e4df9fd6bd6cd04da9f24ee4444,,0,3,336,0xa921c322cc4226abd24286eb1fd3a9de976ca55085bd3cdeb840d01282d89539,0.149631,true,
1780196312643603775,full,D,exit,0xa459d6a1e04a2e4df9fd6bd6cd04da9f24ee4444,,0,3,337,0x4c1f699250129a3d6da614deae70c38831a23a662750f35228038037e97a0a67,0.163459,true,
1780205684505394142,full,D,public,0xc24b4e5abc04c43434a7abd248a32ba508f74444,,27135595552550056,3,338,0x71966fba4e26c5a86872f223427cc2c132a2af6d6d4332ce5477622bf3af17e6,0.182276,true,
1780205812398277664,full,D,exit,0xc24b4e5abc04c43434a7abd248a32ba508f74444,,0,3,340,0x7922d00fc9a2738cb79a1761faddc7caa79d984429d17f27bfa2c15fdcb1e19f,0.154427,true,
1780207261250304118,full,D,public,0xd2f7a9d119014778bde709437fbf2faad3664444,,27189749034537408,3,341,0xfa1abba7c5e6c8e85eb7aa363633e183dedebd7383db9ae3c455c1bf3227ed3b,0.179452,true,
1780207278450958952,full,D,exit,0xd2f7a9d119014778bde709437fbf2faad3664444,,0,3,343,0xeacbd53872b5e16398c44bff68c63e2f027db7ca2600fd57fc25b3f79fa6d6cd,0.151530,true,
1780207280293030056,full,D,exit,0xd2f7a9d119014778bde709437fbf2faad3664444,,0,3,345,0x71fd6bfdf9f6cc4d4abb1d011773b61e91c81e8d9fce78fbfa331f545f8a6578,0.151406,true,
1780207288756524060,full,D,exit,0xd2f7a9d119014778bde709437fbf2faad3664444,,0,3,346,0x4dec54f087cda8d50445e28d2100d20fd56d01ce2021ff16cbb740c1417f94b7,0.158861,true,
1780207289191159040,full,D,exit,0xd2f7a9d119014778bde709437fbf2faad3664444,,0,3,347,0x339c85b4f0eb14583e7e7f5d95175590168a48e12a0c08237881698defb796a6,0.158861,true,
1780214684247717002,full,D,public,0xb9f208732179c139bd671eb4627dbb5f19b94444,,27813118594178132,3,348,0xd3f6554d447c54888b8873afcb95b55a3f68dae14589a1b40f76dcce56b78273,0.177233,true,
1780214696096403685,full,D,exit,0xb9f208732179c139bd671eb4627dbb5f19b94444,,0,3,350,0x8225a5625c5201377a301fe99cfcd7b5f8d9eeb105001684056ba0ab2dc72a4c,0.148687,true,
1780215859574072893,full,D,public,0xc07d28f8e9d9b5644676196afe14af09e1c79afd,,27636928123916900,0,0,0x0000000000000000000000000000000000000000000000000000000000000000,0.175732,false,sell_tax_3215bps
1780232585350440023,full,D,public,0xdd16da76f7030ae615b56c40caa1d8dfc7e24444,,27655503216195324,3,351,0x64193d23bc5ad51d86e2939d56ebf0fbe32d12bb03f19208290c9c5c9060f73a,0.175732,true,
1780232597415885522,full,D,exit,0xdd16da76f7030ae615b56c40caa1d8dfc7e24444,,0,3,353,0x830dcc27f5e59740949d1c88df205d96818c2fb63942d4e597967209642ccfb6,0.147344,true,
1780278596867387770,full,D,public,0xee0827addfe750afd2cbe7a14a23448cac224444,,28670598004887748,3,354,0xd304862f3f09b8db03fb837e54dee390547a514eac3d1837ac877e82a3204e64,0.175338,true,
1780278612993686100,full,D,exit,0xee0827addfe750afd2cbe7a14a23448cac224444,,0,3,356,0x473a62f820d2928fd8ae7931b78f4bc537c99a405c2395cec82bab6440f43088,0.145935,true,
1780283510061651873,full,D,public,0x6432d61911c8daa0d04a3094e7cf0f494f6b4444,,28295084548954968,3,357,0xbfa8d82dc04d181d86ae8b894efae903b4d03502971ff29399a7951cdee0e3f6,0.167365,true,
1780283531291265996,full,D,exit,0x6432d61911c8daa0d04a3094e7cf0f494f6b4444,,0,3,359,0x862a63e57b800c074d5f041ef1cb44b72f17faab2fd3f2d3040970876611fd13,0.138337,true,
1780287327012341156,full,D,public,0x6443c862b332f3ef2d9279317db4ecdb6ebf4444,,28581023629361284,3,360,0x89e360e26a738331b41825649f72472beb129446efc1aaebb36c0daeef0d881b,0.154880,true,
1780288309697984256,full,D,exit,0x6443c862b332f3ef2d9279317db4ecdb6ebf4444,,0,3,362,0xac70455d07cfefdf37196ba0215f2e6ce2825f2040ddf3c278f0eb7c251480da,0.125567,true,
1780292697692659623,full,D,public,0xedead7eb50143bb2890dffe9ef0ea5584e374444,,28731159039664460,10,363,0x57ac1ac59e866f7b9abf4ffedc7d6b435fbda91baf543ce646442753c3a904be,0.147233,true,
1780292974943905547,full,D,exit,0xedead7eb50143bb2890dffe9ef0ea5584e374444,,0,3,365,0xfd57942b034e268e4b8f361b71cc8bb9191640a02639ffc8d5711c683c669e2c,0.116386,true,
1780297811321139378,full,D,public,0x7f4f0bbf39e535cd54e7d5563ee4cd24ef494444,,28853751378339500,10,366,0xc09fc6faa22a7debaea292367092c1d252f2cb66fa44593ec712b9049cdbb4a0,0.140940,true,
1780297973586523618,full,D,public,0xa2f9f91809b45c72ad9a92fb077ff7414b734444,,28883128993514288,10,367,0x49708871c9b420eef7862a711855d72cd73c275bfb4cccf09c72d8198ee77ae0,0.139469,true,
1780298009742411428,full,D,exit,0xa2f9f91809b45c72ad9a92fb077ff7414b734444,,0,3,369,0x6e0ece69fa7d6bf59eed111453c633d30271091a2caa48e4988524370737d1bb,0.108533,true,
1780298119978539659,full,D,public,0xa2f9f91809b45c72ad9a92fb077ff7414b734444,,28857197273572004,10,370,0x5f5d5a5f78432ab124a8071aefadabc8b7ed5764100483bff139c23930be90c8,0.129134,true,
1780298307116922952,full,D,exit,0xa2f9f91809b45c72ad9a92fb077ff7414b734444,,0,3,372,0xfb938d6803b94750098560cbd928309ea980c4833a141ad2973ce59f5dc174c0,0.098221,true,
1780301499707468688,full,D,public,0x43a9d167a5ce5db96c227af39f2c6aa76f657777,,29087857409534892,0,0,0x0000000000000000000000000000000000000000000000000000000000000000,0.117184,false,unknown_venue
1780301572747141588,full,D,public,0x593290d5b6bafec509ab8d007d4880fb85f87777,,29063022064401136,0,0,0x0000000000000000000000000000000000000000000000000000000000000000,0.117184,false,unknown_venue
1780368226257605358,full,D,public,0x89bd347fc5e0f9829e22fae4468d4da5ab4a7777,,29021531016267740,0,0,0x0000000000000000000000000000000000000000000000000000000000000000,0.114201,false,unknown_venue
1780370543634815765,full,D,public,0x8d0d000ee44948fc98c9b98a4fa4921476f08b0d,,28925955021326516,0,0,0x0000000000000000000000000000000000000000000000000000000000000000,0.000000,false,blacklisted_token
1780371168434418002,full,D,public,0xfc7fdfe4f7fee5149ad1526f7807d624dd5a4444,,28826526030886296,10,381,0x72118675cd1103c0cdd9bb6fa3dd793d56e20689874a59096292c9e2ea635674,0.114201,true,
1780371314935533884,full,D,public,0x84a0a381b8beeb6e7cda192956f6f30028484444,,28852279502467296,10,383,0x335e8727fef0bd00717006fce9e1bb302cee1622c9a7cc31ef291f0c1e4da5f5,0.083259,true,
1780371335607361062,full,D,public,0x6749af73f0e2ff07c117cc43cf7194682bdf4444,,28852279502467296,10,0,0x0000000000000000000000000000000000000000000000000000000000000000,0.052291,false,wallet_low
1780372983396268338,full,TRAIL_timeout,exit,0xfc7fdfe4f7fee5149ad1526f7807d624dd5a4444,,0,3,385,0x5d55b5a1ae37dea2a6f56d8b18bb491d9cd8150d1bd98ed540d139b53038c5a8,0.052291,true,
1780373127527309124,full,TRAIL_timeout,exit,0x84a0a381b8beeb6e7cda192956f6f30028484444,,0,3,386,0x5484589a8ca905cdd48340f637e6c7207960b71ddd951d7ac22a2392a7821180,0.067239,true,
1780374170398931265,full,D,public,0xf59e6e63c3a2494b7c5ec51b530a7c463e214444,,29128763886777788,10,387,0x43c13707a55caeccd7a110ee661e5fff9ee090fdb8c2bf3bba20ab309abaa091,0.079192,true,
1780375983729178025,full,TRAIL_timeout,exit,0xf59e6e63c3a2494b7c5ec51b530a7c463e214444,,0,3,389,0xbdf6620b4ef3041179aa10409f140a8182a720f052eddc613fc01945f5c28c41,0.047947,true,
1780390991166967885,full,D,public,0xa7686ad448546482929c13febc5b1281fee24444,,14717003885863020,10,0,0x0000000000000000000000000000000000000000000000000000000000000000,0.070883,false,wallet_low
1780403548982611265,full,D,public,0x2d78a9e326c5fa5a702f6364932556b407d64444,,14777593544189080,10,0,0x0000000000000000000000000000000000000000000000000000000000000000,0.070883,false,wallet_low
1780405710189313963,full,D,public,0x34d0ad4403492557e5a8771376af150898e84444,,14835986006199568,10,0,0x0000000000000000000000000000000000000000000000000000000000000000,0.070883,false,wallet_low
1780452815077912516,full,D,public,0x1f5b654a21b9b42b5f41d9db790181227fbb4444,,15440420240289644,10,0,0x0000000000000000000000000000000000000000000000000000000000000000,0.070883,false,wallet_low
1780457290483601696,full,D,public,0xefb1cf11e92ee910f1ddda510dfdc643b0d64444,,15682475508216936,10,0,0x0000000000000000000000000000000000000000000000000000000000000000,0.070883,false,wallet_low
1780463080103562586,full,D,public,0x25fc34d552bd497c38da9cc100d0519ffb557777,,15678966947888346,10,0,0x0000000000000000000000000000000000000000000000000000000000000000,0.070883,false,wallet_low
1780463424211926418,full,D,public,0xf78c45ee2102875892a1502d2950d42af44d7777,,15606035247014714,10,0,0x0000000000000000000000000000000000000000000000000000000000000000,0.070883,false,wallet_low
1780463917825077258,full,D,public,0x78e679c3627a5007d453af9abb362f4fefc27777,,15609873816903942,10,0,0x0000000000000000000000000000000000000000000000000000000000000000,0.070883,false,wallet_low
1780465187222428386,full,D,public,0xa766038ea41d9d4b34715fb02288c1c7c3f57777,,15548087047559450,10,0,0x0000000000000000000000000000000000000000000000000000000000000000,0.070883,false,wallet_low
1780473932286504122,full,D,public,0x2f2bcbe4aa7132a880b0fc0e34da66e9a2d84444,,15546683807447318,10,392,0xfa723e82ea84c73a2c803df055796bb512dbf1ddf0799a886db8af0f889fc2fb,0.070883,true,
1780474237808299575,full,D,public,0xab48ac3bf0580914f9849944cd4d6d4f33ec4444,,15567878196830820,10,393,0x36bf4debeca1c82b7ea1054fb615da24001429c29229cab960759c35c793badc,0.069517,true,
1780474412960293051,full,D,public,0x124f73e7b8a570bcf25ec546815c6fd49e474444,,15580012970591384,10,395,0x137be0600cb453ef9710049ad39baa45da496ff3cab8cbd699a5f8753b730880,0.051833,true,
1780476052587848498,full,TRAIL_timeout,exit,0xab48ac3bf0580914f9849944cd4d6d4f33ec4444,,0,3,397,0x1c4e0e0f4ddb61881a157abb4451ce827038e5cb8c8fdea8ea3bb2ff4e66e38a,0.034137,true,
1780476226835750006,full,TRAIL_timeout,exit,0x124f73e7b8a570bcf25ec546815c6fd49e474444,,0,3,398,0x69fe68c20ea18570e7d2cf8212176ccad741389e39876e837fdb299e39a3dad1,0.045414,true,
1780477150149515799,full,D,public,0x9f54b1dd9b1437c6096ce80855cd6848269f4444,,15535422488132062,10,399,0x1c3c21981cb82b38468f238a832a4f57ffc42063a1360ca78b4b63b86acb87e8,0.051506,true,
1780477170973539315,full,TRAIL_trail,exit,0x9f54b1dd9b1437c6096ce80855cd6848269f4444,,0,3,401,0xedc47568a06f0e9d0099c73477a2f7aee2c025fd42bcdb1fa857d9f569d48617,0.033855,true,
1780477238898996782,full,D,public,0xe8d5dad70ca70b9f3ae1b12ae864686236de4444,,15532250449067514,10,402,0x7bff78080842fd6364889534b81e7e8819b2dd7cc2749b0b0ffc485d31690ea1,0.033732,true,
1780477398472326626,full,D,public,0x4a0f8ff711bcc2ecc3d2c84c7267300d49dd4444,,15547352653928164,10,0,0x0000000000000000000000000000000000000000000000000000000000000000,0.016084,false,daily_loss_halt
1780477472379937478,full,D,public,0x1245253543377d3849e48f62fdaf928ada894444,,15534049113319584,10,0,0x0000000000000000000000000000000000000000000000000000000000000000,0.016084,false,daily_loss_halt
1780478349303630430,full,D,public,0x41ae12f0f0e3eed778839e6c12d039630e5b4444,,15572681823244780,10,0,0x0000000000000000000000000000000000000000000000000000000000000000,0.016084,false,daily_loss_halt
1780479051710189941,full,TRAIL_timeout,exit,0xe8d5dad70ca70b9f3ae1b12ae864686236de4444,,0,3,404,0x62f501a579f6c62c1e2331ba507100c222347532402fe983484b98d162bda012,0.016084,true,
1780482466596266984,full,D,public,0x8312c98dbdbc5bbf3c5a234804e6a43fafe97777,,15575520710627070,10,0,0x0000000000000000000000000000000000000000000000000000000000000000,0.021821,false,daily_loss_halt
1780490159360095985,full,D,public,0x1648d8290dd98142922bf48a310e9f1b19fa4444,,15779851379994554,10,405,0x27351bdd82a8d8e44eec22a7edd967805d1779f34cf38acf638cbec7bab2639d,0.021821,true,
1780490168898350997,full,TRAIL_hard_sl,exit,0x1648d8290dd98142922bf48a310e9f1b19fa4444,,0,3,407,0xa6480ff4e835f598472d6b5e58c10da1c6e4577a751c85fe9db9455959b836c5,0.003925,true,
1780490179569187636,full,D,public,0xb72da14c9c15920593ef95f05e3f23a123cf4444,,15779851379994554,0,0,0x0000000000000000000000000000000000000000000000000000000000000000,0.015437,false,unknown_venue
1780492614024734642,full,D,public,0x17671ec47de3cf5c2faae05e9dde39059ea74444,,15752007630976548,0,0,0x0000000000000000000000000000000000000000000000000000000000000000,0.015437,false,unknown_venue
1780492931290031288,full,D,public,0xe5ee5a2668c084de842c8292f53a9c83010a4444,,15753575615708608,0,0,0x0000000000000000000000000000000000000000000000000000000000000000,0.015437,false,unknown_venue
1780502408955239545,full,D,public,0xd2687907db89ee95a45c9db7c6976c3c68834444,,15819946111287086,10,408,0x121a6e2ab69c23f74344b6f38ed24cc06d184468525cc5edaf4eb29b99fc7959,0.089290,true,
1780502419739719672,full,TRAIL_trail,exit,0xd2687907db89ee95a45c9db7c6976c3c68834444,,0,3,410,0x1058ff3d9398ad21ce0e441df88aadc20d314be6118b9602e8da8a9f0054865b,0.071354,true,
1780560451186226237,full,D,public,0x42272a2277fcd97f4bc124ecc3ccb97d403d4444,,16661204566492476,10,411,0xb4dead357345d3768374c9aa4cc43269adabdc8efddf8afa4eba1cb77eccdb31,0.089353,true,
1780560455746494192,full,TRAIL_hard_sl,exit,0x42272a2277fcd97f4bc124ecc3ccb97d403d4444,,0,3,413,0xa56899df192c464e0914dd31b8bb443fb543061f8a317ad7d739599252ddeb60,0.070576,true,
1780561816258054013,shadow,D,public,0xdbc955ee9f899d2245e03cc63a77870ed4b44444,,16656074513680932,10,414,0xdaf140aba3efb0e25460861d7816a0ade473657f406e760c455b09803afd6776,0.081600,false,
1780562843423179739,shadow,D,public,0x718e8e53cfe1fc0320e7fb460c7bcd3d2f0c4444,,16638870331175962,10,415,0xd7b179fc09b72faef45e15892061b93a7ce0239cc0e7ef4ac418b37a2adef05c,0.081600,false,
1780563102076612124,shadow,D,public,0xaf9cc727285870c40e2dc7dd9ce46ef953594444,,16627469364969022,10,416,0x8675dc0bd3bcea530d04b00b3d24c9ceca7c247ae0e4e471c8a9bae6eb6cb95b,0.081600,false,
1780564526879009162,shadow,D,public,0xd0bc8ab397851ecfa58009d03bbc1a41fc764444,,16726202531663674,10,417,0x90f3b2e73a2f7bd589d8ecc82c074b856bd88578c0adf5b584cb877b5c4f2271,0.081600,false,
1780584949387734219,shadow,D,public,0x920522d13a1c1ca15beac2e44eee03b2405c4444,,16580840868970874,10,418,0xfb5a35b98c6d6618ae2eb9ff14d3f18b830ec089beb07c5024c2fad8fc16e86a,0.081600,false,
1780627102603107195,shadow,D,public,0xfb4e23d6e889b5e21f8c2a3ed9d135930e814444,,16710864943422016,10,419,0xd586b4408212fa92e7f2b99e9042b03bd61f5f8a91b0f5d8c953e794254f0365,0.081600,false,
1780652050674450366,full,D,public,0xbc299aa2e753ce421bf7ed882254acf782764444,,16822479795005142,10,414,0xd5382c633b1b2841110468f47009fff4a86ee9b5e8032cfe89c48a2589b10719,0.081600,true,
1780652175929202208,full,TRAIL_hard_sl,exit,0xbc299aa2e753ce421bf7ed882254acf782764444,,0,3,416,0x7b1487c070217e37109c425aa03d969b969085f9bad195b4582a34d2e8789281,0.062662,true,
1780652290829658951,full,D,public,0xf3217facd631df1491369aed3ccc0a73ba594444,,16834442083357830,10,417,0x7942419d21fffa9e03032700efa6650969213726b600c1f4f4e559cab808266a,0.072718,true,
1780652326410023905,full,TRAIL_hard_sl,exit,0xf3217facd631df1491369aed3ccc0a73ba594444,,0,3,419,0x85a15c1a1ad9eb0908176e42516412f56ac877b0e6843f736576c22fa5796a82,0.053768,true,
1780653610400024414,full,D,public,0xf8cb0a06c0f6aeb6d9d04bb5bdba38aed95a4444,,16789058906092078,10,420,0x3ce762f4aa0efc29a030edbf33b183a462017cc2ffea9abadf151c8cf4f8a6bb,0.063133,true,
1780655414096501473,full,TRAIL_timeout,exit,0xf8cb0a06c0f6aeb6d9d04bb5bdba38aed95a4444,,0,3,422,0xb8b45390c5d85589b43daa53f6f4ee875165ece26ccb0403934039d4ec7b216b,0.044228,true,
1780657493549328617,full,D,public,0x3659782991f5a15142f121a7da5be465bccd4444,,16900273877905474,10,423,0xc86c0f60d22b83894bd30187950b3db8633b0a4a6c7e557774a32b1086279a59,0.059047,true,
1780657547633055602,full,TRAIL_trail,exit,0x3659782991f5a15142f121a7da5be465bccd4444,,0,3,425,0xb986982687a90b8f1e18228309aa78499695c87319f6a2b2955aae73e59dc52e,0.040031,true,
1780657551633904263,full,D,public,0x02702a44516c12c746bb0dc0d35ba0eb70d24444,,16874618211762958,10,426,0xa8fe0909782002283cf03cea65d10ec5997a38b80ee06f0d39ffb63b3af6bba2,0.074014,true,
1780657620967342225,full,TRAIL_trail,exit,0x02702a44516c12c746bb0dc0d35ba0eb70d24444,,0,3,428,0xf7d45e347ace0c6622ddda398dc0008bd45367150e053272f4c70fbc59029469,0.055023,true,
1780657785995856226,full,D,public,0x35be71c960e4cdb41bc791b9fe581a61262c4444,,16926869441950754,10,429,0x2e286a044e2fa2f25f865c39fda911289b7b290bf4c1a459747f8434b6b01ca4,0.080885,true,
1780657817601584421,full,TRAIL_hard_sl,exit,0x35be71c960e4cdb41bc791b9fe581a61262c4444,,0,3,431,0x6bb941c8780da95a27ab209c284609fd8fd22bf1c98f8a6078b561f449571a36,0.061842,true,
1780659458302102295,full,D,public,0xba2aa17f49e08647688d90446516685bda1c4444,,16913678143288938,10,432,0xd9a7ab4c5918894c6e4835a4629ba38f52ee1f54e837ce7fae844adeab7bb964,0.070926,true,
1780748755963088216,full,D,public,0xfdcf7173845d0b349a5f3f93937a6b8a3418ffff,,17456871843263968,10,433,0x9df5aba1f7e032d5bfa8890dc30f13ef8b8f63ff778bf5fd5650a7dec0c987b0,0.069560,true,
1780748831404055276,full,TRAIL_trail,exit,0xfdcf7173845d0b349a5f3f93937a6b8a3418ffff,,0,3,435,0xe722e90e030afd641419844ca2dbc1333ce631fd0109581b0ffda25f3b52c491,0.049935,true,
1780749003148776814,full,D,public,0x304087973e773490a086fb49d98ba109d7017777,,17472629562605916,0,0,0x0000000000000000000000000000000000000000000000000000000000000000,0.101192,false,unknown_venue
1780764250374387105,full,D,public,0x261e2e4a091daf2e267f70a7b5bdbec6defc4444,,17438818404175656,10,436,0xce4ea39cad8bd55e736ef2869222a9c868bb3c72c1b1a5dad288609b3fe1b438,0.101192,true,
1780764860173003572,full,TRAIL_trail,exit,0x261e2e4a091daf2e267f70a7b5bdbec6defc4444,,0,3,438,0x17f0efe24890b5f6e77bba65864a0035a7c7289acefc905b38946f18feb9c168,0.081637,true,
1780827635519153852,full,D,public,0x444429046c75603c2a11bd42feca3f65ad5cde30,,16920983584177134,0,0,0x0000000000000000000000000000000000000000000000000000000000000000,0.105330,false,unknown_venue
1780831506979463488,full,D,public,0x8ac76a51cc950d9822d68b83fe1ad97b32cd580d,,16845924930732496,0,0,0x0000000000000000000000000000000000000000000000000000000000000000,0.000000,false,blacklisted_token
1780836917588990030,full,D,public,0x8d0d000ee44948fc98c9b98a4fa4921476f08b0d,,16990937283717696,0,0,0x0000000000000000000000000000000000000000000000000000000000000000,0.000000,false,blacklisted_token
1780840822484286328,full,D,public,0x07216dd7f871636ae55d1034e5976287e3794444,,16987347910336538,10,439,0x9860f3bf21e8b31de726073f543836af5618f138dacab0ba1fed123a03ef039c,0.105330,true,
1780840846860796711,full,TRAIL_trail,exit,0x07216dd7f871636ae55d1034e5976287e3794444,,0,3,441,0x814c19f10f779324a8adaff5ff9751316edd7597032372ae571640b67d3ff5cd,0.086227,true,
1780889758138553974,full,D,public,0xf9a0e19b6c9f50ea8b97169f07563298cc204444,,16601137810227536,10,442,0x39fd872549b812d0d22f2d57575edff8a51ddb7d960c4df6ed87da4754bc9190,0.104615,true,
1780889764514607398,full,TRAIL_be_locked,exit,0xf9a0e19b6c9f50ea8b97169f07563298cc204444,,0,3,444,0x511ecbc177d12af6f5b4ceb7f599c204a130301f255cae5d3d5bb0749932feea,0.085898,true,
1780894543208321319,full,D,public,0x6d7acb98b92748217b86c25fe0a2adc7db4f4444,,16745063005212596,10,445,0x0595518a95ff7411690ca3d1ea879808b0aaaf61cd35e2866ca216c3f615cdef,0.099950,true,
1780894663080716543,full,TRAIL_be_locked,exit,0x6d7acb98b92748217b86c25fe0a2adc7db4f4444,,0,3,447,0x88469cf3f27dc18eeaab2f5a29fb84d862ed165c97ef43026279b12efabda88d,0.081089,true,
1780903316019475119,full,D,public,0xfcc1aa6e27d94f335910ad3d9501b29aecb94444,,16782022138892942,10,448,0xd6ab60a8f4e056a4299a2f2af3c0ac6824f312cc4af82f7b4b756aa5568c7057,0.097742,true,
1780903360263550730,full,TRAIL_be_locked,exit,0xfcc1aa6e27d94f335910ad3d9501b29aecb94444,,0,3,450,0xcb822332fa4d8d2b08f272acebe37418583efa69951f3f4f236e8e209477b044,0.078844,true,
1780906022481084345,full,D,public,0x2dd0c348693f8ddd76f83ec58b00898742637655,,16813500009450020,0,0,0x0000000000000000000000000000000000000000000000000000000000000000,0.095300,false,unknown_venue
1780906024725547155,full,D,public,0x2dd0c348693f8ddd76f83ec58b00898742637655,,16813500009450020,0,0,0x0000000000000000000000000000000000000000000000000000000000000000,0.095300,false,unknown_venue
1780906053130826414,full,D,public,0x2dd0c348693f8ddd76f83ec58b00898742637655,,16808585985241466,0,0,0x0000000000000000000000000000000000000000000000000000000000000000,0.095300,false,unknown_venue
1780906053552213217,full,D,public,0x2dd0c348693f8ddd76f83ec58b00898742637655,,16808585985241466,0,0,0x0000000000000000000000000000000000000000000000000000000000000000,0.095300,false,unknown_venue
1780906058121427082,full,D,public,0x2dd0c348693f8ddd76f83ec58b00898742637655,,16808585985241466,0,0,0x0000000000000000000000000000000000000000000000000000000000000000,0.095300,false,unknown_venue
1780906070667753747,full,D,public,0x2dd0c348693f8ddd76f83ec58b00898742637655,,16808585985241466,0,0,0x0000000000000000000000000000000000000000000000000000000000000000,0.095300,false,unknown_venue
1780906078253350373,full,D,public,0x2dd0c348693f8ddd76f83ec58b00898742637655,,16808585985241466,0,0,0x0000000000000000000000000000000000000000000000000000000000000000,0.095300,false,unknown_venue
1780907347310613150,full,D,public,0x4710233c19b775340d0ef62013ecce929e1d7777,,16824168078957438,10,451,0xae77880c26419b6eba0b5b7d1b62cbee2e97753cbb45a43422be575da22952a2,0.095300,true,
1780909685674870482,full,D,public,0x6a3728e32c82caf24e0a8f19a4c2828213464444,,16736697963614302,10,454,0xabc3a00d1d0561143ddbfbe00936ccef572d0ec5681e991f1831cfcefd71a58c,0.096201,true,
1780909722627566598,full,TRAIL_be_locked,exit,0x6a3728e32c82caf24e0a8f19a4c2828213464444,,0,3,456,0x5605c80b00af28bc2957e251c213a3ab3731f6e80bfcc2e947c51b5e8f85e6c2,0.077099,true,
1780911400149954075,full,D,public,0xb85797db0533067fb1b43d3ab22c58db0fd84444,,16766801383317764,10,457,0x35dfbd7dca30943061b7bef85d8d7caa6f0e0970be4303e717a75a9e66c5acf2,0.092699,true,
1780912783970136467,full,D,public,0x1ba115818ca034b04d310dfc8eb985b3637c4444,,16681210746304916,10,458,0x36aa29eb4824f587602545ab2148761e0f12f7a4f0ed26b96e87c4341f75e1d9,0.091333,true,
1780912789428107670,full,TRAIL_trail,exit,0x1ba115818ca034b04d310dfc8eb985b3637c4444,,0,3,460,0xf09a2aab8d65ce04992a3444905aa5197da2c4b4d19505986aee405c63d027cc,0.072536,true,
1780912883052031539,full,D,public,0xb58ad09d1cdce5412ef88b50c3d2ad59b4984444,,16682745664321486,10,461,0xb6bd16cc5c1a60aab4592dabf95109127e44a7d4c2261ed64ee883ebfdb4aa4a,0.098261,true,
1780912887145197869,full,TRAIL_be_locked,exit,0xb58ad09d1cdce5412ef88b50c3d2ad59b4984444,,0,3,463,0x543bad069237f5d58d15183aa8a2d0cae4fab1c3156a82bfda84f2010744b8ce,0.079463,true,
1780913220115092581,full,D,public,0x547f945a52eabb008931a2753bae527369494444,,16691032217972880,10,464,0xf1a7f03fd9128b493f5fa70a93c9f8458fc04dc9947582bb083e9acc93cc21fa,0.093007,true,
1780913234310957119,full,TRAIL_be_locked,exit,0x547f945a52eabb008931a2753bae527369494444,,0,3,466,0x5ced4f3ea9312a9edac330deb03276adb70c1bcb3b79aaca01ced12ffa0fbde8,0.074200,true,
1780914458402374600,full,D,public,0xb57f4b2f676c0ed94a13ac257ac46f5cb4e19237,,33526021576486000,0,0,0x0000000000000000000000000000000000000000000000000000000000000000,0.088324,false,unknown_venue
1780917347116373352,full,D,public,0xafb1921fdc94889d960e99ec7abaae948f847777,,33353130506418400,0,0,0x0000000000000000000000000000000000000000000000000000000000000000,0.088324,false,unknown_venue
1780917347560710056,full,D,public,0xafb1921fdc94889d960e99ec7abaae948f847777,,33353130506418400,0,0,0x0000000000000000000000000000000000000000000000000000000000000000,0.088324,false,unknown_venue
1780917350705535432,full,D,public,0xafb1921fdc94889d960e99ec7abaae948f847777,,33353130506418400,0,0,0x0000000000000000000000000000000000000000000000000000000000000000,0.088324,false,unknown_venue
1780917408573568425,full,D,public,0x28c86673956d6236bf0ddaffaf0b41d345f57777,,33385349432101848,10,467,0x951af14f4ba7096709b155f97846230b68ca7997e9eba91f474731cf7ac68054,0.088324,true,
1780924175375447373,full,D,public,0x947af604e08b4278de287cc3df8be84b57f04444,,33206764512887044,10,468,0xf5f61d681a81062abd3edaf7294c5db30184429f364a776ad3edd1210455847e,0.086210,true,
1780924180424507150,full,TRAIL_be_locked,exit,0x947af604e08b4278de287cc3df8be84b57f04444,,0,3,470,0x971ee0a978a02227ad740109683e14857a183fda8587ab5ff591d44dfbf94740,0.050888,true,
1780940263949441557,full,D,public,0x4a5d434c48ac852d96a75472f9151a43da654444,,33109589462975104,10,471,0xe4f4155d2b6b1edda018af076f156f113e23e8fb5ddc717d2fc20da3520fa771,0.091715,true,
1780940295961269124,full,TRAIL_hard_sl,exit,0x4a5d434c48ac852d96a75472f9151a43da654444,,0,3,473,0xc88bd6e66829cdebf2a91e6e07f103a0c7c171a1581e47ebaac36970e3e11c6e,0.056490,true,
1780976756399356794,full,D,public,0x4a8e2a4952317660207aebc21cb4faf232da4444,,33426030137158260,10,474,0x6ea7bedb0c040820a8faaafc819f1d54959fefde65090cc5972360ccb451ac4f,0.075083,true,
1780976760520136149,full,TRAIL_be_locked,exit,0x4a8e2a4952317660207aebc21cb4faf232da4444,,0,3,476,0xdc51ff04ab30fa01c55c593f79bb4a673f3c4f2504605a7c4005aaf71da8d754,0.039541,true,
1780977821899497106,full,D,public,0x2f232c341166b43c7d51b01290bbde8cacdc4444,,33410835275200896,10,477,0x1a0b2bdf2d17b5e2273e364a3ecea12e1689992b22f387d770871c5c1afe6d53,0.080298,true,
1780977877341722048,full,TRAIL_hard_sl,exit,0x2f232c341166b43c7d51b01290bbde8cacdc4444,,0,3,479,0x7af0355c0ff162e21a7fc6a9b49f0a3cc1c9e29c77783da6021c2f09c7fa17c0,0.044772,true,
1780978263269870346,full,D,public,0x8a598d1bedb4c40220cb9a0b3b65cf6a46954444,,33371819482041676,10,480,0xee563611498d8cc90239ce15ff2340387cc8f2022c4c61c24d3ddd5fcc8527bd,0.067254,true,
1780978287985632286,full,D,public,0xde39a9c5817b205eed96f48e160ad83477314444,,33371819482041676,0,0,0x0000000000000000000000000000000000000000000000000000000000000000,0.031766,false,unknown_venue
1780978291157182879,full,TRAIL_signal_vote,exit,0x8a598d1bedb4c40220cb9a0b3b65cf6a46954444,,0,3,482,0xebb9b2c7068411d415e5e8c16063315e9fd2646c9d5ea62761cb6fefda7b6088,0.031766,true,
1780981592385105978,full,D,public,0x6b6bb3a02b131741f5706bdc3edf4dfcb1aa4444,,33224978418979408,10,483,0x488b484e5d0e60bfca8ad2284ecab344b2f50ee6ef5328ae02ca5a334354c580,0.117323,true,
1780983405907897679,full,TRAIL_timeout,exit,0x6b6bb3a02b131741f5706bdc3edf4dfcb1aa4444,,0,3,485,0xc7b223743150d2edf69ff8bb1e04274b7034a14e28ccee8b9f727ce87bfc9f51,0.081982,true,
1780987572083311547,full,D,public,0x6693bfe2b2911420273274ada16abda393b44444,,33111713185637624,10,486,0x4f104a5e0cb05661dd22230d5325c13772b99b20e0512d4efe056b51aee8008c,0.109404,true,
1780987741950968967,full,TRAIL_hard_sl,exit,0x6693bfe2b2911420273274ada16abda393b44444,,0,3,488,0x047527edb99d73231ee1abad0fbdb826812763db5b941b2552d8a94733759fc1,0.074177,true,
1780992969902276666,full,D,public,0x51676b51471d8d1337ceb2b488ce5485428b4444,,33191644683401708,10,489,0xfba522cd25f9996ebe8c1f446662ce67dcd18a4a06902b4cf6352297612bb602,0.096332,true,
1780992982299755533,full,TRAIL_hard_sl,exit,0x51676b51471d8d1337ceb2b488ce5485428b4444,,0,3,491,0x225b2ec904197740f70b376be8253d2ff8088bbdebdca955cda6c0364c19b419,0.061025,true,
1780998802323990432,full,D,public,0x893ff5aa38625656c5df55f98c2c8ffc86184444,,33343548719664412,10,492,0x2efbe27236ff1ea7b08b83bec8003fe7f445420bc954a211b82dc7f1bdd7dd3c,0.081892,true,
1781008475616872981,full,D,public,0x4570793856386a272da907d32029b0a129764444,,16757300065463040,10,496,0x448d8e6d1cc2042d3b3c69f519c0ec141f334fa26ba7599939a8fb80fc1137dd,0.086543,true,
1781008491939108817,full,TRAIL_signal_dump,exit,0x4570793856386a272da907d32029b0a129764444,,0,3,498,0xdaaf6072c1810cbbaa1b9ad89995e3226b98968c75ddae88b4891becf6b40a45,0.067670,true,
1781015548766349704,full,D,public,0xc14c2ccab656d6ff5928502c3e7455de13d44444,,17045655792568400,10,499,0xce8b6e97a99ae28a85992aa9b683670adf000c50152940030ff110743b4ecaab,0.102915,true,
1781015552421990934,full,TRAIL_hard_sl,exit,0xc14c2ccab656d6ff5928502c3e7455de13d44444,,0,3,501,0xce9185dfb20e0f04d94ca49a2e1baeabc192dbf635621afc665baba0012882ca,0.083753,true,
1781015571272124610,full,D,public,0xb6b4febb2667fcc87280eab4c14e40b18a484444,,17045655792568400,10,502,0x4170dc74ae34c2d452ec969b1a651230b5d8a689a9d1d69ad1d95015767344b8,0.095345,true,
1781015582991334551,full,D,public,0x851257b72d18e996c701623b431f458f998f4444,,17041448594704634,10,504,0xd5e12a18814eade5ab2be5f3e095dc5d83025f90323874b757d078314849aa9c,0.076184,true,
1781015585752104081,full,TRAIL_hard_sl,exit,0xb6b4febb2667fcc87280eab4c14e40b18a484444,,0,3,506,0x760dacec835848f4b957edff3c3616d2f7b00086752d9f191a3a03066da86751,0.057166,true,
1781015589062637279,full,TRAIL_hard_sl,exit,0x851257b72d18e996c701623b431f458f998f4444,,0,3,507,0xe57c4b44b0f67b22481e89d90135a188a92e9504b619b217816bda5cf3bf0525,0.066359,true,
1781017922386759313,full,D,public,0x916ef401653690d321361062d106d9410b0c4444,,16917249757372598,10,508,0x8cf61b0b54683f7faa895a8c7656de3d54d34645646182f90cd568dc6e0660a0,0.080157,true,
1781017949270848082,full,TRAIL_hard_sl,exit,0x916ef401653690d321361062d106d9410b0c4444,,0,3,510,0x25d8939acdb4830b536c82a86e2de703af5525f072e4cc5f00c0e7e110d908d6,0.061124,true,
1781019261663666822,full,D,public,0x743eb9784ce5a491f1e4e3095d82ee1c9e0d4444,,17035852906449388,10,514,0xcb181d26a70fd5c6190e96af953a1fef6f3d630a99f1d645f4b9707f3d11d565,0.068904,true,
1781019272056203252,full,TRAIL_hard_sl,exit,0x743eb9784ce5a491f1e4e3095d82ee1c9e0d4444,,0,3,516,0x996ee523f1f3aa8f91f5d9da913d6904a0e4a3db5bb92307d7202c9362bb38ec,0.049753,true,
1781019304831088898,full,D,public,0xa53903ed8b489da67ecd96f31d9d9cfd33ee4444,,17016787060435120,10,517,0x15fc1683e0fc36bf4e5f9b9d43dc335286afe07b0527e876605090224a9417ea,0.060194,true,
1781019329752260556,full,TRAIL_hard_sl,exit,0xa53903ed8b489da67ecd96f31d9d9cfd33ee4444,,0,3,519,0x754bfa9b1ebdb522943901ccd13a5d311bea48b1b9ba68fbe093a7351af2dea0,0.041061,true,
1781071981403917231,full,D,public,0x14e6704556c9598f496662f0711149113fa04444,,17095424941419770,10,520,0x17580f2f1d488b4738082ac7420b4c25134d85710eabda0f6e6781d53be9413e,0.051992,true,
1781072368048115025,full,D,public,0x498109f2a09f9b07553939b9b71bc424f0974444,,17078503973604282,10,522,0xddc0fe6132f5794babe7f4345cda5b6f297c5353a4dc5b5b1813a01bd9beea00,0.032780,true,
1781072411140386380,full,TRAIL_be_locked,exit,0x498109f2a09f9b07553939b9b71bc424f0974444,,0,3,524,0x43131a2834187f98796d488cdae6a178b24b26accf39d4190b64f90a82d2045d,0.013586,true,
1781072426697627404,full,D,public,0xeabbe129359daf86b9be9cb8a3148beb1af24444,,17077414398459848,10,525,0x5d4a3cdc1964d91fd8715edee6385cc57f5ab67f66fc57548f90700ce799a1af,0.028202,true,
1781072457232843229,full,TRAIL_be_locked,exit,0xeabbe129359daf86b9be9cb8a3148beb1af24444,,0,3,527,0x435d4ae9aead85091495c74111df6233301f6ab8e6ed3749f3bf98fbbc808be5,0.009009,true,
1781072587573311507,full,TRAIL_be_locked,exit,0x14e6704556c9598f496662f0711149113fa04444,,0,3,528,0x2ab477028ac508e83601d26da70f17dfe77c9fae572112d40c22604ad86c7d32,0.025098,true,
1781085622947473775,full,D,public,0x3c8db7d7387331945ba72ecf61463dfb11e17777,,17117384615991834,10,0,0x0000000000000000000000000000000000000000000000000000000000000000,0.041501,false,daily_loss_halt
1781085623395120236,full,D,public,0x3c8db7d7387331945ba72ecf61463dfb11e17777,,17117384615991834,10,0,0x0000000000000000000000000000000000000000000000000000000000000000,0.041501,false,daily_loss_halt
1781085627008690058,full,D,public,0x2f701b108a9af5558960325a0239d0a13c2c4444,,17117384615991834,10,0,0x0000000000000000000000000000000000000000000000000000000000000000,0.041501,false,daily_loss_halt
1781103937178530694,full,D,public,0x440db0d6d8bfce501cb935e1b24684e1bdaa4444,,16894377819682220,10,0,0x0000000000000000000000000000000000000000000000000000000000000000,0.041501,false,daily_loss_halt
1781104511584939239,full,D,public,0x1c1d3c24528016b3384d9b546128fae605c24444,,16898142127320548,10,0,0x0000000000000000000000000000000000000000000000000000000000000000,0.041501,false,daily_loss_halt
1781104640342028387,full,D,public,0x4d9393f7398b9dc2fe4025feac9449e220a64444,,16905108639930934,10,0,0x0000000000000000000000000000000000000000000000000000000000000000,0.041501,false,daily_loss_halt
1781158384052726859,full,D,public,0xf9445fa42941be2854c9a678adfd8e01aaa44444,,16808883306608388,10,529,0xbaeaf214f8db0c5dae0c2036ced61ee7c2306938b9e0cae5b4503807e9798467,0.041501,true,
1781158403408840729,full,TRAIL_hard_sl,exit,0xf9445fa42941be2854c9a678adfd8e01aaa44444,,0,3,531,0x37ad8809315ea3c3bcab9a5fe8cb22dbe7444dfe815e3c1bbc7c1681bd69a2fc,0.022577,true,
1781161239351231734,full,D,public,0xd15ed916274947c42f6b30f8e73eb2fba4f47777,,16797841332712300,0,0,0x0000000000000000000000000000000000000000000000000000000000000000,0.033520,false,unknown_venue
1781161432987467689,full,D,public,0xc7d23180faee037dbf6e136807dd935099247777,,16792582487935956,0,0,0x0000000000000000000000000000000000000000000000000000000000000000,0.033520,false,unknown_venue
1781161782429766236,full,D,public,0xa4ce191058371ad1d3fa4a6b8714d3eb3cd64444,,16803511558068130,10,532,0xf0d339117b7559c8d234a2c441668eb648c0a425c9cb8d864c0b432aa10a5b91,0.033520,true,
1781162165123554522,full,TRAIL_hard_sl,exit,0xa4ce191058371ad1d3fa4a6b8714d3eb3cd64444,,0,3,534,0xd2162b4b7e001e372d378db97b3faae903fb29ec1a02e0839628782961c75343,0.014601,true,
1781168518951857405,full,D,public,0x200c5157bf87bf68a354f8cbc94e3647258f7777,,16655967256665832,0,0,0x0000000000000000000000000000000000000000000000000000000000000000,0.025020,false,unknown_venue
1781168518952310052,full,D,public,0x200c5157bf87bf68a354f8cbc94e3647258f7777,,16655967256665832,0,0,0x0000000000000000000000000000000000000000000000000000000000000000,0.025020,false,unknown_venue
1781179665880364256,full,D,public,0x4d576c37768106bfb045e801f55ea4b2aa224444,,16678252588976400,10,535,0xb402dcf758d95967ea9103852a3111b4d0d6085fc573a8696f2694bae1f59a18,0.025020,true,
1781179674442337474,full,TRAIL_be_locked,exit,0x4d576c37768106bfb045e801f55ea4b2aa224444,,0,3,537,0x50fa3800394f3ec4db6672b205afca3c2c001bc4a8db7191a7ae274f4b0ba369,0.006226,true,
1781180056453153214,full,D,public,0xc7d23180faee037dbf6e136807dd935099247777,,16673889812129270,0,0,0x0000000000000000000000000000000000000000000000000000000000000000,0.022574,false,unknown_venue
1781184156659961287,full,D,public,0x099f988cde0a0bb03a90c776a1085a76c6c84444,,16667801062483758,10,538,0x30259108fce68ec2a3f02c1b95f2ddb0efb35dc4d3301e5a68b70a31de9e7630,0.022574,true,
1781184868057500744,full,D,public,0xf5468d90b23592ca6d3413877b19bb9a59584444,,16719337456406428,10,539,0xa785ba20fbf0bc31ff5832566f344e93c4a773877997a37efa72f652f79c9fe0,0.021103,true,
1781184880624992156,full,TRAIL_be_locked,exit,0xf5468d90b23592ca6d3413877b19bb9a59584444,,0,3,541,0xd8df0196155dfbdd1082b05a112167002a4ccfe8bd2095ba004938ff5f84e6c0,0.002268,true,
