d_block,d_token,d_tx,d_gas_gwei,d_idx,d_rank_in_buys,n_buy_txs,n_before,n_after,n_same_token_competitors,before_max_gas_gwei,after_max_gas_gwei
96511449,0x460b51e30ac278e695079f1df833c63dd2534444,0x8cfdc0cf1a23003464d66b7daea3aba306c6ea45e2fc7dab9b08b0edb96db01c,7.00,3,1,9,1,7,0,5.00,7.00
96510149,0x5e7c1bcfe00a0a3fe6c4c2a85ead2c8e135b4444,0x8d5a3f59240b1c1d099d02ec0c9c586bc35062810795b9b37ce618bc7a857cd7,92.00,3,0,1,0,0,0,0.00,0.00
96510222,0x57bfba6261f2cca23c9f0ae4990990b672f84444,0xb7ffc52951d32c848c2f9bb29f43512574cbd10610766e8d8586a78de73948e1,92.00,2,0,4,0,3,0,0.00,0.88
96503336,0x27a1764dd1dee5308ad632eb6f3fb8856ca6ffff,0x678db7d31a5eb342e1464c1022157ff41e3cb1b436d6a28e0b9cfd47cd4d5b83,7.00,1,0,1,0,0,0,0.00,0.00
96463136,0x555e72fa683af9502ac37c33c6d178ecb98a4444,0x292a79b6fbe5f676389f6ec0c73c875138d50a7d4e1e1574b13129c143fb9317,7.00,54,0,1,0,0,0,0.00,0.00
96344543,0x22413ea64102480d0650e72844989ee7aab84444,0x1e4ccd7c7a580bb92b8d43ca25d690d2fcaa4d779c30c180bc6d6a600b8d81a0,92.00,3,0,1,0,0,0,0.00,0.00
96511155,0xa4b79ddc047d301e1cfa21e1d4b524d1260e4444,0x31ce3b597ad6f0033d979b422add50b7c13660832511b1bad64deef4d340beac,92.00,2,0,5,0,4,0,0.00,3.00
96511158,0xa4b79ddc047d301e1cfa21e1d4b524d1260e4444,0xa1260ceb3aa1365f2e807f5f0148cbfb0f44e2504b25173bcd294dd531832e44,92.00,2,0,9,0,8,0,0.00,40.00
96296830,0xe0479f70ba1e2b8d069c106800bca7a8be2d4444,0x974e82bc815de6d9572d91e71f17b36fa86e7b7e8aba78535a1cd33e668d684c,92.00,3,0,2,0,1,0,0.00,10.00
96503036,0xf74231c255992ad52a03f5441c5ab1bf37924444,0x63f126296c6b991c5f0d43058a79a8dd950578ff377e94dd438b2846aca00214,92.00,3,0,2,0,1,0,0.00,0.24
96511978,0xf08a9f2385ea62d0569f322dd1a407fb34cf4444,0x80b45bab76e95d6676a80e0b04968e21d4358411c27242e74e1849c6647defd5,92.00,122,11,14,11,2,0,201.00,40.00
96349707,0x1c61f1df90518869e395db10eb8c22adc59c4444,0xa6702499ab0c25b68aedb8ab72364825dfb8299ed3ac5311a8a55911180b7227,7.00,1,0,3,0,2,0,0.00,0.12
96515886,0x7bece81ab03372f4604a561a66c04a027cc14444,0xc4b582ef42cd11f7a79bb087dbd99ba512c0e76a3aad1e276faff218c073937a,7.00,1,0,4,0,3,0,0.00,0.12
96349799,0x1c61f1df90518869e395db10eb8c22adc59c4444,0x321e97f39e010465be35042eccd8492374b902ec45339a1f9053f50ebd8f669b,7.00,5,0,6,0,5,0,0.00,16.00
96509681,0x7bece81ab03372f4604a561a66c04a027cc14444,0x7fac6b97b10db3e0ff3724ad91a34f1860a715845260b9cfd9e490f4989a348b,92.00,8,3,4,3,0,0,111.00,0.00
96508274,0x65fc1103f72b8d6c6c8f1a5336cf283bed764444,0x78a42d65f917fe13aadbc1c1a26b3b2156bad8e625c024983e04bc726eebec6c,7.00,3,0,2,0,1,0,0.00,0.12
96634756,0x479b19544c8888b1efec169cadd4bfa4a13a4444,0xaa3883bfa16c01c9683e102d711983e0215e01d8a35ec90e4a3f9ab04b56f0d1,7.00,56,1,3,1,1,0,0.12,11.00
96659636,0x424d96dcfb58f6d48a9ec581712df9600d684444,0x15d01798e63ca10588c26f4efb726a6f5b90293e13001d370b7f6a315c0e1aa9,92.00,2,0,4,0,3,0,0.00,2.00
96519764,0x93a9daa25b6c4c121b5161bddb8e9cd578224444,0xeae2aa48344d99383fcc5992e3c789ccba7487686e03de051d96fcd5571f102c,92.00,3,0,1,0,0,0,0.00,0.00
96520980,0x685b166ec4c3114b898979e80886ac6d9eaeffff,0x4bab212da346b7969cb16202762cbdf04cefefc9545733246a1bce122f2f063c,92.00,2,0,4,0,3,0,0.00,2.00
96521059,0x2a0175aadbfb2db91aaba8013fbb5ff24492ffff,0x65a5a6873df9fc4a65d9909a30e50380456ada05001279194550e1c02523fb86,7.00,0,0,3,0,2,0,0.00,0.12
96539305,0x89937972592fac6c24bed6d7fcab5ffd92264444,0x1e5f5f9a4f10884f625cb59aee8cf45d7105b9e68ff63b924aae61287d8ef1d4,92.00,3,0,4,0,3,0,0.00,0.12
96548092,0x61cd06799478689ab7b0ff4fa2db929c04324444,0x59fd730f9b1cd4eb75b27a4310bbe41380a81e1202ee6a870944d832cabe112e,7.00,1,0,1,0,0,0,0.00,0.00
96660209,0x827077b2490f8225e219e3be75e66df47de44444,0xd33301b68ccd5610432cfaf38940cc54b1ee563d5b85fe251db94b54e8ec46cc,7.00,1,0,11,0,10,0,0.00,50.00
96549208,0x22bb43576955726e85418c320caa325b99364444,0xe25351f6256b099a51a8047d59a76d65360cef2dfafb7063da4ca852224c6f59,7.00,58,1,2,1,0,0,0.12,0.00
96662838,0xa51b6bd9011a5c72a4599a2f17620af849324444,0xd9020bf724374f7fe0a4210f4ac15998d8836fbe92ae14daacb175c46f5b0ca7,92.00,2,0,3,0,2,0,0.00,0.30
96667184,0x13a687f766f8d00fa40301d08f55276f39174444,0x76e6f13ab195228f4567f7443af2dfb4a6664295c3f1baa782aa75a82cdc57d6,92.00,2,0,3,0,2,0,0.00,0.12
96662857,0x06561f40f21954232a80de814e870f360daf4444,0xbd49f94b70507896efd76a5f108c400b37225f9825bd66535c8382aea9153534,92.00,19,0,1,0,0,0,0.00,0.00
96661191,0x27b8d57c9e412757af6d7efabcbb637224f14444,0xd40e6c4aea8dbd6525d23d1117793cc934d4dba46acf6edd8b05c9e61a1f6d7d,7.00,5,3,6,3,2,0,88.88,1.00
96670884,0xb6c9318aeae30a348573559a28c222e448824444,0x49271ea85aafec677ff626d04431f8545f2e7550ce069f26553943297160615f,1200.00,2,0,9,0,8,0,0.00,13.00
96632275,0x64fa7f75d769a559a76c37a83255ba3a0b954444,0x716da0322f5777ba412f7b2f9c38948347940a455c3c0ee5495e3545caa8dfd0,7.00,2,0,2,0,1,0,0.00,0.12
96662870,0x06561f40f21954232a80de814e870f360daf4444,0xd3c6078a2d20461bebae03df65866124a3d53e32229f8629c2b3424ccdc01ca3,7.00,1,0,6,0,5,0,0.00,66.00
96677785,0xfffed044efa7c973a39475f235d7fbd71ba34444,0x4d812b75aea8f7e3cb7cf5cc3cbeb7793e3338a89df17e9e8df5bcd51cb586af,92.00,103,4,6,4,1,0,60.00,1.11
96680314,0x4ee40f2681463631db040e97478965634b224444,0xb1763f5e630efbb3ebb1bf7c4c49a724e7dbe2507a15a923c4a7da5638fba651,92.00,2,0,3,0,2,0,0.00,0.30
96680380,0xb74cf9a95eda650bb72f5fdd289e01645b2a4444,0x020b9f593f129bc7514ecf4fd924f0f71515eae95c5876fa6bd0997573d649ba,7.00,8,0,3,0,2,0,0.00,0.06
96683860,0xfc609c26ab53f813d3c163d833942a372cba4444,0x0d872af6dcef591ec11ef4cb600732ed236c80650d68e1730180397306841cac,7.00,104,3,4,3,0,0,7.00,0.00
96684872,0xac6c9a6d237af8fd16e1377fbde13bd9f9d44444,0xfc0d1f22a202f033b163c624620746d35e7b0d0d8ac74944d15c62a35daf9888,92.00,2,0,4,0,3,0,0.00,40.00
96685993,0x18ce97d189c0bb4b041380c49bd381842ac44444,0x51b7f080c1ee60015e4da6c4273da3dedddf3b5e0afa7b03d908b0a78f561343,7.00,1,0,4,0,3,0,0.00,5.00
96708031,0xeba859190bf2b9e94c27d1dcc63a68dc613a4444,0x3d0a90ff3064cd13d713d4fbb9b26c55566adb62602b92b131ee2899b66d0c65,92.00,5,1,4,1,2,0,137.00,89.00
96708811,0xfb236f587aa1bfcf04822388aee2883a1da14444,0xb8fa58f77274357264d2410503dc959f36ab7b3b09b447347766bbfc866dbd10,92.00,2,0,6,0,5,0,0.00,1.01
96708173,0x3efef415b6bc411df570d4e624c92807d28d4444,0xf073aa289fecd1384f1485906af3dcda7d075d69ab2d1138770eb86fd496fbd1,7.00,24,5,9,5,3,0,15.00,2.00
96815840,0xaed6160b2fd8735dee5a8a80a487f6f771404444,0xd3a5cdc23ce68e7bba55e1fa6ccd73da837c96145dc11d541e3b01b7f0731db8,7.00,1,0,1,0,0,0,0.00,0.00
96837780,0x5b30197a9383dd071247f60ebbf018f4d24e4444,0x0b6a29113d698b969c2990a062286d01c74fcf69725ce253027bac89c0b837e0,7.00,0,0,5,0,4,0,0.00,76.00
96684873,0xac6c9a6d237af8fd16e1377fbde13bd9f9d44444,0x54b589f2e86437916537eb2928a4f1adbbeb820a0366d0cf51d24a3355ebc625,92.00,8,2,7,2,4,0,120.00,10.00
96821587,0x8ed916bd7734a370a76b2da1aef3db38341e4444,0xb08fe2140ea9ae4c3e5cc4ea2170442bdd6fbe89d6b1cc1537a03c9b8a2e3ad6,7.00,1,0,4,0,3,0,0.00,7.00
96837710,0x5b30197a9383dd071247f60ebbf018f4d24e4444,0x845065247eef232c527c9fe4d97f826df5fd302498ec0b278ace6c833df6ffd1,92.00,3,0,1,0,0,0,0.00,0.00
96863370,0xaed20c65e299ec3927805bb0de1b07e389a14444,0xc51487888b492849f2055d3365703c6d44ef2a26b5e627ff40df965bb5be6555,7.00,0,0,3,0,2,0,0.00,0.12
96867022,0x406c203adbef18c3c5b4a1cf2654099768104444,0x313bfe8e01b10787251089a5917176801df8ebda5d7a9561dbdf12766d769bcc,7.00,67,0,1,0,0,0,0.00,0.00
96881958,0xcdbfbe07c8e2091260c9836d33851e9d89934444,0x601d24c84ec00db3736beaf98f8ca2a1dba1bb02c4549b75b8bb113c3541c1d9,92.00,2,0,4,0,3,0,0.00,10.00
96871884,0xd25718e0801d872cca1379d57ddc631b56e04444,0x1d683855c57da756dda00c150712ac692127d847a9c0215218e040c94b4c24c9,7.00,1,0,9,0,8,0,0.00,50.00
96915791,0x2320a067491f0785fa0dce9a884310e2456f4444,0x091072dcdff074e6f3c4476d7e09e4b23c78ce502c8b94d04907a8c62ab2966f,7.00,1,0,1,0,0,0,0.00,0.00
96893015,0xf52def6b67a7e8cfc2fcb8f870f46bbdbfeb4444,0x56687f9e9da80a6152e0cc7440e0f55db32852d719c76c92247cecd8dbc5e1e7,92.00,3,0,4,0,3,0,0.00,2.00
96892727,0x3ea823a8bc35894a41a3676165b1b50701b8ffff,0xa0962973381aa8f6e71fc06eed87750bc3b90d8438dd64f88bd5b3441feb4a79,7.00,3,1,4,1,2,0,20.00,0.12
96893068,0x38d55fa973ba497e6e8c6efa723e197367444444,0xdbae072d1dc179456454919909ff1bde0c460519e730b261d222c9321f0caef0,7.00,1,0,5,0,4,0,0.00,3.10
96917072,0xcffef8f03611f748e1b3d408c9e0e4e81e544444,0x73ca043f0d6dc8441bf1363f6754c2d27932c531584d4aff28d64f115f217616,92.00,2,0,2,0,1,0,0.00,0.06
96920852,0x789d3335fd1995cbb7100c59c0ce1aa84d6d4444,0xb3ac17114010b52257512ff707191c927a7b2912fac8c59dd28ce948096cce96,92.00,2,0,2,0,1,0,0.00,3.00
96917171,0xcffef8f03611f748e1b3d408c9e0e4e81e544444,0xecb0e4e9459a4495891e4539f790623a1c8e0c8bfe4363fb175579d6a62d9d4f,7.00,1,0,5,0,4,0,0.00,133.00
96917642,0x49478821f26e8515daa7fa8e9eee15f5d57e4444,0x7c25be3a179a28686f360f20a7a94abda3477b90cef798f9eff8100f913985b5,92.00,130,3,4,3,0,0,0.30,0.00
96892606,0xb1a3e0fd84a203e26c41c96a30ba110f7f874444,0x62d3e1d146290a9746bb5f1c3aae9688c6df14314af65daac202d44866533a0b,92.00,455,2,3,2,0,0,92.00,0.00
96922183,0x8cb201a2ecdb6216a9d29d89834c2fdf19334444,0x089140e63f637aa7aaed574cdc5fe0e869fd23d563146183ef2e47519d85f47f,7.00,6,0,6,0,5,0,0.00,0.12
96925908,0x14af377c704afd9ad159e4853eb7456565f94444,0x22bfbc65d2190ebce1309fdcf1202c0e03d242576b3317321b87e8935135d145,1200.00,100,13,15,13,1,0,100.00,15.00
96921006,0xe2b296db9c0c0854ed69f47eff434b54a7454444,0xf180faa499a7adc62226dc2550240ce7e23946ae0fc49f74b0f532846e3d176e,7.00,1,0,3,0,2,0,0.00,0.12
96925909,0x14af377c704afd9ad159e4853eb7456565f94444,0x57a866a3d06ae3f06559338ca44c1b0ba9e1ecffbdb39bb761fb9c10c2dad145,1200.00,2,0,14,0,13,0,0.00,1200.00
96892606,0xb1a3e0fd84a203e26c41c96a30ba110f7f874444,0x0fdf479a392d7b58b50325ef0dd5f67200960f7dece221d5cbb9997a71975de2,92.00,2,0,3,0,2,0,0.00,92.00
96928579,0x3a5bb79e187651e9383e4f0b33acef94cb4a4444,0x298a0dcc1f2e07ce06fbc13de876304223e81432524ea962be5c8b32b9bd2c62,92.00,2,0,1,0,0,0,0.00,0.00
97066552,0x01c7e6a3f92be57ec903de40c6836fe58c2f4444,0x0add61793e28dde3e6528b90e5ec0e80a1a5b09ec3ac2d9fa79358f557f7f483,7.00,2,0,2,0,1,0,0.00,3.00
97049372,0x3ea4ee6f65632fe587806a2b0835d085ffbb4444,0xa3c83f5fc85aaf526fd43a32abfd8b91b98786b3ba176c746a35b115201800b2,7.00,1,0,1,0,0,0,0.00,0.00
97028411,0x61d6624ff5f522ccc3aba4f1ece23471fd1a4444,0x5e2940a8054b8305b34af9ae101530e50a2b63d74e9490ad538d7f5a3ea2f1eb,7.00,1,0,3,0,2,0,0.00,0.12
97049696,0x7e2c8dca5de50d75e27813dfeb09201dbc1e4444,0xa6f53a989ae821ca0539778a62d7d20e013c0093f7e87823d2753b0b3f3b0034,7.00,2,0,2,0,1,0,0.00,2.00
97032409,0xbf7e97b2ab688bbe7f3ae55e835325dc55024444,0x70c1e73611ed37ccb1973c7b23748597cf3d4306be9156f58fbd6ac7507275cc,7.00,1,0,2,0,1,0,0.00,1.00
97086639,0x6d3730b42dfc2b7e189f538f41a79f59bfd04444,0x1c783250c6aaff900c10be1003e37279ec0170184e2f4218549a318c2f77f79d,7.00,2,0,1,0,0,0,0.00,0.00
97068829,0xd45b4e2af8c5f426b475eb0f1d162ad40d884444,0x4d88b907298137282956842402b57bd9e386528c8368bbfce77fdac4f8252734,7.00,4,1,2,1,0,0,0.06,0.00
97068453,0xb21e86d936066fedc20c696d4583aef021da4444,0x741f136c0a1462e034de37ffa28e517cfa4aec58bfe86ebc3b2dcc7ce8275a1c,7.00,1,0,4,0,3,0,0.00,1.00
97095475,0x4f4f762bf9da96f8fad5c73d96d95a2e81904444,0x6e68c8aa1a700ecc83d2318adfbd2d99f455c98028449a01eadbd8f384358456,7.00,69,0,1,0,0,0,0.00,0.00
97111316,0x4c9c2832ad0f1b07158292b09c84579c95674444,0xbd6a5ecadd9a4a5cc81a4dfd9419d03f7190410e1474c18afc85ba311537dc19,92.00,2,0,7,0,6,0,0.00,2.00
97114386,0x7bd03856231791c085e66831e9cecb5451d94444,0xf5295082511ffb163671abd599551686d65e87b0ccf88c3aff90fcff2ebd4858,7.00,2,1,2,1,0,0,10.00,0.00
97068601,0x0c1d90bf3025e9f84b8c9d98042cde9505dd4444,0x3c934ba5f7224626d7151fa0ae5b588a1b17239a569315119e7e08c16c0485f7,7.00,1,0,5,0,4,1,0.00,3.20
97111330,0x4c9c2832ad0f1b07158292b09c84579c95674444,0x794dafcf2e955dd0ca7a3884edaae661dd8b09f953c236000eb6e8a5698aec12,7.00,1,0,6,0,5,0,0.00,111.00
97111398,0x14dbf5b6f15f4e0236bb19d7f18ff02f7fd64444,0xf833476562cf8db88761b516e225d0713ee149621b44730496520115da854007,92.00,121,2,3,2,0,0,92.00,0.00
97111398,0x14dbf5b6f15f4e0236bb19d7f18ff02f7fd64444,0x0e0c0137b5ae83a780617287a9db0f6f3df5169025a040929e7526315763ee70,92.00,2,0,3,0,2,0,0.00,92.00
97115200,0x6fb43d298dd833441ae30a76ee66d0f6e3be4444,0xeb74d3b0148a633a9f0b815094e88d94bcbada6b3ea58b1f34c4753941843047,92.00,3,1,12,1,10,0,1200.00,88.88
97115222,0x7c10c66015329a3a093447ef8cd208d6dcae4444,0xcb255db13cd479fbfb35c4f0d2298e7809d58a74be9af69b13d472cc006f2218,92.00,3,0,7,0,6,0,0.00,88.00
97248229,0x75cdf4747f394d9779ad664ece40d7366e394444,0xcbe78502873b13b8c45a3ffc872590692ee7b2bf75d86f08ebe58fe2cbe966e8,7.00,2,0,1,0,0,0,0.00,0.00
97124288,0x25651229a3fb237ca349e628d9b2a63838f14444,0x7840bc615cc5d9deb1f09a59186dcbf8527dc06d2649623612aa16903aacbe8e,92.00,2,0,1,0,0,0,0.00,0.00
97115201,0x6fb43d298dd833441ae30a76ee66d0f6e3be4444,0xb2a465efc41752e3ccb7eed8ab93e2305bae90791646e4b697cf056adaca4f9c,92.00,6,3,10,3,6,1,321.00,10.00
97248077,0x75cdf4747f394d9779ad664ece40d7366e394444,0xd269e0325786a321c7f0ce533f94c82abf2225c10bee1dd8722afe9fce69c777,92.00,2,0,4,0,3,0,0.00,0.12
97278930,0x7aa7b61be9099fd0cba6ed02585b4ffbcba44444,0xc568bbb88d36b700219907b3cec9c4703cc26ece6dd9a8d1c94b4d426e05f392,7.00,1,0,1,0,0,0,0.00,0.00
97266313,0xa6c483c0948ad0d24f0033b898653c2b0c854444,0x81c84bc744d14c2c8473f19ad8147f41c003e27a0e6f15a582532af47bbaba78,92.00,2,0,1,0,0,0,0.00,0.00
97115223,0x7c10c66015329a3a093447ef8cd208d6dcae4444,0x4f1b1c23dd55e407d501bbfe8a00846622a8c6d411a530a630d33774f09885f3,92.00,3,0,9,0,8,0,0.00,10.00
97265641,0x1c2cc463d5769c09c525a2ee8da797a411414444,0xfe296d218e076d392a1d90bfc71a7137e912bd28ee6f026a082298f9d97efa0b,7.00,0,0,2,0,1,0,0.00,5.00
97288298,0x34cb6826a19c35127372890e0bf4a69c8a534444,0x65099544f698d82ff2e62c25f023d5893546a84206182518a8e161e432e3a4c3,7.00,1,0,2,0,1,0,0.00,1.80
97280062,0x7aa7b61be9099fd0cba6ed02585b4ffbcba44444,0x68e52bb75e4fe73f322d99317a177913a867ae3f4c8e128ffda6fd070995aaf0,7.00,94,0,1,0,0,0,0.00,0.00
97419778,0x13f702763b36ec18be2811a0c7fc4aa574e54444,0xafb32e0e227f6e1f5b6c0896022fcd9773ed4106407d391ab658226bf48fd626,7.00,1,0,1,0,0,0,0.00,0.00
97453526,0xd9f2455561acd6187e574852f1bb16c016b34444,0xc962d49fb5ea5b1d82cd35419ee7f5ab58c154be54ed26810a6e6c3a4a67083d,92.00,2,0,9,0,8,1,0.00,51.00
97479103,0x0c1d90bf3025e9f84b8c9d98042cde9505dd4444,0x6516a20e5a174e62751ee42fdb07788c91607861eb6db22d4820fed044fbbfa4,7.00,2,0,2,0,1,0,0.00,0.12
97437554,0xc89b35bedf4e02bd5f73f9e3044e653707304444,0xc328b5fbf674c9b953b1a373b4ec04d42c80214adc066f01940d5e8c41b0a4fe,92.00,2,0,2,0,1,0,0.00,0.12
97495582,0xb7f98359b287c6d40695b4055d60db692b234444,0x529340982773c71bfe6e11603c84714dd8437f7c93246390dbe6d2791996a828,92.00,2,0,7,0,6,0,0.00,92.00
97627203,0xf07b42980cbfebb661bbf1d4432f54b053874444,0xf7ff418d722bd36ec99d44debdc961cb5cc03d5a7b380a6bf7d89c5484e433b2,7.00,1,0,1,0,0,0,0.00,0.00
97495640,0xb7f98359b287c6d40695b4055d60db692b234444,0xf3ef45dc84f38506492a7adf7fc26fd296eb8a8d3f9d91e133dd1baebbf3803f,7.00,6,2,7,2,4,0,10.00,0.60
97655040,0xd94b9bc6a483450a4f3c72a3d2a0d8470a0e4444,0xb9391a1ac7240e2edddbdab68a6cd4cee35d7a2b8526d68fd9013e125d16a6bd,7.00,25,0,3,0,2,0,0.00,88.00
97623541,0x5177b93950833dd74569091fad3bfb3a1ab04444,0x5d6ee13d01aa8a2fb7d6108fc79263275649db7ca3ebae2aeabc7a7d6d971a43,92.00,114,20,24,20,3,0,321.00,0.12
97495582,0xb7f98359b287c6d40695b4055d60db692b234444,0xdc81d27fedc26501eb99088ce757911f4928bd4a09207029f2fb24b2d7c30b7a,92.00,61,3,7,3,3,0,92.00,25.00
97627204,0xf07b42980cbfebb661bbf1d4432f54b053874444,0xcdd30f004c75ed49750d4e127aa07da43d9063b188c002be96254a33d4294f6b,7.00,4,1,10,1,8,0,48.88,116.00
97623541,0x5177b93950833dd74569091fad3bfb3a1ab04444,0x4b8da1ab62bb8925192074ea8dec98f03ac9a65085f6355af589d49020910cb7,92.00,2,0,24,0,23,0,0.00,321.00
97655857,0xfa33e56e11294ac0dcc7c8768dd5403089b84444,0x01a524975a5b381b00f44d1145e8045300b2c491da3a3ae097d56326ed02c810,7.00,1,0,1,0,0,0,0.00,0.00
97495916,0x305d46a5c2302f1ca066d1e5d61013a5a2894444,0x2d69ecf262caff49d28c6adbd9093904a8c835cb85dce6f9e165c546b8be5555,92.00,2,0,3,0,2,0,0.00,2.00
97656314,0x0816851d2ff7e24aa7f7bc9b67ce210ec9fb4444,0x4faa14387099e284242909e80f5b3d29c5e3203c20cc82fc49d40833d963ebd6,92.00,2,0,3,0,2,0,0.00,0.12
97656361,0xf1a8fec3d0dde76d9d0029c261f2e41b16f44444,0x1ebb7c51bf4314c6e194d87c0a08dd91f5dcd7ac7d5ad08f778bd72e01081809,7.00,1,0,1,0,0,0,0.00,0.00
97659217,0x7efbc149b5cc4bcbaef9db1c83d82c8207e54444,0x95a182a48b9d9be00dfe61380d4c772b4b9f380a73d37625b9464df0d6b47d9b,92.00,2,0,1,0,0,0,0.00,0.00
97646180,0xb99680eb5da239ecba6798f2c3ee3b74b0764444,0x09d27cf91c0ce56cc7c45d5ebc73bd780bf7ffd2dac514d251769337b20735fe,7.00,1,0,3,0,2,0,0.00,0.12
97667040,0x23faf69fc75f2e3f49c9fb470c246efde5894444,0x6758ef173f4bed63361f5eb9db2e72b86e9f0799c382e0f7785f362aec6b21f5,92.00,3,0,5,0,4,0,0.00,3.00
97664765,0x3a57ff2d51636f633fc7133e8dabbf5269064444,0x2c7181cd76cc68127f24a4ed963e1792154e7247a7fb6274bdcaa4fc9fd92a1c,92.00,3,0,4,0,3,0,0.00,4.10
97667067,0x16f024ae31462d1498cbb7d065fc7b09c45d4444,0x9547aeb5b398ced51cc89e449f22cc75b6a274f6c7fea94599a17bd7e62abf73,7.00,10,2,3,2,0,0,7.00,0.00
97680065,0x15e566cbe69035ed452d86821a2db77579714444,0xcfb9031da2bff0636cb805140a9ced69e0e180e62938efe6bf6e21ac458c6414,92.00,2,0,2,0,1,0,0.00,0.10
97667330,0x16f024ae31462d1498cbb7d065fc7b09c45d4444,0x7473358dd38ca9054220b12705358c5c018933d50ce6635e999426c00b30d288,7.00,1,0,1,0,0,0,0.00,0.00
97672226,0xfb3d32dde94e97184d5008ec5ce610a60d514444,0xacbcc9384f93defda18324f45338a0c7ff4e05619e79f27031e69312c0628281,92.00,24,1,4,1,2,0,92.00,277.00
97672226,0xfb3d32dde94e97184d5008ec5ce610a60d514444,0x633a9c7c9132d80e3195ba4b36bb2e9cbbaca0efc45ebff9a9298923b545a6c2,92.00,2,0,4,0,3,0,0.00,277.00
97673350,0x057cee2a4d3458121bd84179e83d7cea35e04444,0xc72243a7d44bd1b93d4e79bc53ae0f08d6987bdcf3cfba66254744ecbb797efb,7.00,5,0,4,0,3,0,0.00,3.00
97683924,0x2d636f87e73f31532aa4d81049917238ac9b4444,0x25b7319d5e0c0a4ec2690778ec6924b5510d2204e2bdd5c8827ce058430e7762,92.00,83,9,10,9,0,0,366.00,0.00
97675259,0x180ebbf447539381d33c306b881828046ff94444,0x8764ebdeaa883033da2da3a1d67b59c1463633c183fef1dac88cac5cf28e1b03,7.00,177,13,16,13,2,0,2.00,0.12
97683890,0x52b5ec3ed4428a8c9323e57f3ae4386522c14444,0x7986b6b5ebfa7ab150987e68b0be5c4270dad2eaaf47dcc4a54246408e978f62,92.00,2,0,5,0,4,0,0.00,2.00
97675288,0x3997eea48106d8995ce214d7581e80d528444444,0xe861152db05c0a52d3e27cd6ce488bd33a3eeff95286dc862c28fab44a789f01,7.00,53,6,9,6,2,0,3.00,0.12
97683923,0x870e4ac6d7ea93b059b61a6dbadba5282def4444,0x28172def440bb22379b164c5fc72722b21d4a7a1ba907d560960e14f47333229,92.00,2,0,2,0,1,0,0.00,0.10
97687984,0x7b622113f96109e2121fdd319ece221e52ec4444,0x70224b36e511e5b48a197b62bddc5425532b635ae0d174a385bf1e7b6c136713,92.00,2,0,14,0,13,0,0.00,135.00
97687989,0xf9271bfe52aed80eed321e3e4253efd721584444,0x774bf856aaaaec8106bdbb61d0660f4801918e8b23addc1582ba4a5df4844953,92.00,2,0,22,0,21,0,0.00,105.00
97687989,0xf9271bfe52aed80eed321e3e4253efd721584444,0xfd0ca87b839158931a3f01ddcc0efdf4c7e27bd20e7e8219c41038dcfab92ee5,92.00,4,1,22,1,20,0,92.00,105.00
97687989,0xf9271bfe52aed80eed321e3e4253efd721584444,0xb704871c09ace04a0ab6ad640050d93340187a386980317542b3b4ae3e02eef3,92.00,6,2,22,2,19,0,92.00,105.00
97688000,0xea2a54aedfc18f8b190d954e1550c640ecda4444,0x49c23ceed8e4bd6c62dc60bc824bc5bf7af46006fbbf6de1f64f4ea1d6a68909,92.00,2,0,10,0,9,0,0.00,50.00
97688015,0xea2a54aedfc18f8b190d954e1550c640ecda4444,0xef40462fa8580eb4a991e9c7959e0b745e76488f76024a726410f81623b88cd7,92.00,2,0,12,0,11,0,0.00,1.20
97977897,0x14c0a7b1e7fb41528de0711c811b55ab3bba4444,0xd42e8a40d25db4767cdd25c788b8e1feda72fabb0709a79e042371cf53b3303a,7.00,2,0,1,0,0,0,0.00,0.00
97884172,0xdf790e8f05be6a83abd827d33f994cad3fad4444,0x2651e6f8dc2cbc74c973b9b998e34ec95aa89400e97ab672429041352df86c08,92.00,3,0,2,0,1,0,0.00,0.06
97884174,0xdf790e8f05be6a83abd827d33f994cad3fad4444,0xc598611c0cf06938ff7bbf5ee41435e0fca011eef5836a2f8aff8108b4649d8c,92.00,2,0,2,0,1,0,0.00,22.00
97976641,0x446f1ca9ac47f99a514c77c3f796ea374c904444,0x63407c03f8d162ba5fc838afb23f1a94fbbdb33dcbe327e0500fd6565e4ee92b,7.00,118,1,2,1,0,0,0.12,0.00
97978409,0x5f6768d92e965852c82ed8c8b7529d9b09974444,0xbfc8885ab39eeca1e79d56c12318230b7b7d9b9506154db4f5fcc528c1e0a8d3,7.00,3,0,2,0,1,0,0.00,0.12
98031464,0x4d14f5c56b0e71ae5c4cced6939e448e2a584444,0x5d027e8a724b6912c9fecab28b6cd7dd58f1f159d12df31996ae9fea476ffafc,92.00,4,0,2,0,1,0,0.00,0.12
98018679,0x0eeae29384f2ed6c0c6be04e2b2727967bba4444,0x6974bd8a996c921b42cb7c78e7608a725cb9bf7b20c56b9566c77d604ea9d1ab,7.00,103,5,6,5,0,0,202.00,0.00
98031465,0x2dbc62750a1896fb6bbdd0cf9fcb2f66361c4444,0x0cf85ad19a800adc102b49dcd485d4e0aeeeb848accd83008cc4e1b4fc31d505,92.00,128,12,13,12,0,0,92.00,0.00
98031480,0x4d14f5c56b0e71ae5c4cced6939e448e2a584444,0x8f9cba0e03b3b058fab3a0cda5a8d13f7a373e050ce0e5c300779142c986164a,92.00,2,0,7,0,6,0,0.00,7.50
98031465,0x2dbc62750a1896fb6bbdd0cf9fcb2f66361c4444,0x64d6bf7d75eb256c3d4dcd13c66bfce84578529861c22cc5172eae4d4d62497e,92.00,3,0,13,0,12,0,0.00,92.00
98031491,0xf3ce5038e5a446a38069846ce0f54dcd95524444,0x6f6a0d510e0461affcb904634dc967b37df5f79c007f6bf0d1fecb8af3a149f9,92.00,122,4,5,4,0,0,30.00,0.00
98031518,0xf3ce5038e5a446a38069846ce0f54dcd95524444,0x8ce5cf4bf80d7ded8f4cfae9b2e35821c1707063a4f2b4ae3a4e5508c3a3ec74,7.00,65,4,5,4,0,0,13.00,0.00
98036136,0xc36cf61b116d1da19a881559034d28eb62254444,0x72101bf62afa7749eda1cc1c2e553a80e152a1cd33dded2f6c98a9b1805a3cb9,92.00,6,2,7,2,4,0,200.00,14.00
98038920,0xa655dbba4a937d9e852642e32f5ec211aadf4444,0xa37fd02efff66aecb6f5fe5a17becdda7f45bb0bea51353790f5afefaadd3ad6,7.00,1,0,1,0,0,0,0.00,0.00
98073249,0xac02e1e4802757483409d92d51d9c7cb6b794444,0x1b5438c490969e0fe81be6116b9d598479148d8176a662f2e95d519db1cc3523,7.00,1,0,2,0,1,0,0.00,0.12
98051896,0x4e20c44ec1cec338f5e5bd10666138d755b24444,0xf6d2810874f5e1f0a777ec02af3ebb3df5c0de5bd75c8f4a0e5e396a24054f96,7.00,5,0,2,0,1,0,0.00,1.10
98053385,0xf80898dd382840228f13c3f61e7bd23706a04444,0xa07bfcdd97b3abce7f3505095ab8f51b02a90440250d943bdaf482053dc7cb67,92.00,2,0,5,0,4,0,0.00,40.00
98075236,0xb4296123fc65d0871c50fcda4ac7d5da3189ffff,0xc5d4cedf8d09c988b51efde960b35e16bc85cb45b8e0d5dc3d9dd00823751ba4,7.00,1,0,2,0,1,0,0.00,0.06
98075291,0xb4296123fc65d0871c50fcda4ac7d5da3189ffff,0xa1a16c629fcd8234a8b6697e51fef37e50126ec1b3987fb705cec4431cfb1932,7.00,1,0,4,0,3,0,0.00,2.00
98075213,0xb4296123fc65d0871c50fcda4ac7d5da3189ffff,0x7032b2223aded23133f0a203109ea083dc1aabb413e66d812bf96c295a7e2ee5,7.00,5,0,3,0,2,0,0.00,0.06
98079924,0x7400bf6c09728d066e02749379bef1cb46d94444,0xd3bf89bb3ef445eb9d95e800d198a9dafb5d0cbd0604c6d32ce5e4d4e2bc950a,92.00,67,1,3,1,1,0,1.00,2.00
98075171,0xb4296123fc65d0871c50fcda4ac7d5da3189ffff,0x18df81552d8cdbef1227b629d098c5e0af6f188b8a15405164ba1f14d3cb08d3,92.00,119,8,10,8,1,0,21.00,0.12
98079944,0xaa61cc4aea506d5cb2d7890dcafd070097a24444,0xcaf40bd0abb19ac2e6a4cbca968a5cc5c2fb344d28eff258717b9a05f2c83ef3,92.00,2,0,9,0,8,0,0.00,5.00
98182805,0xb0036dabe3e8f535a1534ceffab8a1c707dc4444,0xb9fb362c8d986a003bda579a120d45b3f00c68cdd577419585b954efb94f8483,7.00,1,0,1,0,0,0,0.00,0.00
98184391,0xb9855b578baa374e2f1d39a395ec45c83afd4444,0xa0451ac6aa1b361c9ca96343774a9fb28646ec4d8a6af22c894ab9afbbaabba0,92.00,2,0,1,0,0,0,0.00,0.00
98187108,0x087d087ee63bfb491eae09d68aecfb2b13de4444,0xbcecf82e814592f460db81eb73c03e5786ff914e01590d3abea475e455be0e2e,92.00,2,0,6,0,5,0,0.00,2.00
98187444,0xbf5896d404189afac695ead5310d12efe20d4444,0x47d3535a8564d92a9691c5fd3c52a53009da2d3d429dc3095b27d5cc4cc88c38,92.00,2,0,1,0,0,0,0.00,0.00
98195082,0x517bb4070f67de73c89c45db2dc95b2672be4444,0x69627f48f05cc03dc802244ccad98e8fca0bf4f69b8ac065c6fba64f717fece0,7.00,1,0,1,0,0,0,0.00,0.00
98187024,0xce23b5b2a0f8032db2044e6507c8e0dc40af4444,0x9d344f226c0cccdd68f6a65b0f1bb17c74be6cd254e18e05bab5c93fbb0a30f3,92.00,2,0,4,0,3,0,0.00,32.00
98195329,0x674ba5b262aeae35bec6794642f312daa07d4444,0x585d1aa197fa6b0dc7ecd4567d7d54e33d8193debada18dc0582fd431619abf2,7.00,1,0,2,0,1,0,0.00,0.12
98224331,0x81e1c6d290dd3bdb10d48f4bb1573b41627e4444,0x64f7ab31bf1bd3e8c766e0688edbe79a981ebd9ec0692e7ab5d846ccfdbda343,7.00,2,0,3,0,2,0,0.00,2.00
98224346,0x81e1c6d290dd3bdb10d48f4bb1573b41627e4444,0xe33b2c9f6b253cc9449caf885dfda9f57ae7fddd44a3e16ef2f67933deb980f4,7.00,2,0,7,0,6,0,0.00,2.00
98205945,0xc6fc51d10cf3e174152cc54b316cf844aac14444,0x385a3b023f8d87942d0d7b5a11a200068ec50f407ca87fc8627913f6ee41f2cf,92.00,2,0,2,0,1,0,0.00,0.12
98224394,0x81e1c6d290dd3bdb10d48f4bb1573b41627e4444,0x6e3c544730bc53eb059cf5d302343f3a10936768144eeaa8a94d3f65cf11d4ee,7.00,2,0,6,0,5,0,0.00,36.00
98224406,0x81e1c6d290dd3bdb10d48f4bb1573b41627e4444,0x64667d6f25c7a9fb0268f30ec4135415e4e650de24ab83e708c9660ab76369be,7.00,1,0,8,0,7,0,0.00,5.00
98224403,0x81e1c6d290dd3bdb10d48f4bb1573b41627e4444,0x5d56220250a8bb90e4486fe6c6eeacdf46c2c204c42b4f7cfd950efe581fb0d9,7.00,1,0,3,0,2,0,0.00,0.50
98224589,0x61fb5d4cd63fee6b64167680ce48d7d01a9c4444,0x9283dfada1305634cb067e9c27f78b823207bd70da36f907f9528b33cd70f0e7,92.00,66,2,3,2,0,0,0.12,0.00
98224410,0x81e1c6d290dd3bdb10d48f4bb1573b41627e4444,0xa2f04f9e69df0579e50351168856194aa998565468798dc04097c68c48b93a35,7.00,2,0,1,0,0,0,0.00,0.00
98224398,0x81e1c6d290dd3bdb10d48f4bb1573b41627e4444,0xb9e2f8b109d3df9a73919bc2eda74d2bf26bb9326496fd4dd464cdd6fa152c50,7.00,3,1,4,1,2,0,10.00,1.10
98235192,0xc70ef0f7d336bdc45cd9dbc356f8edf3ecef4444,0xacca4548a05713769a921d4c8d89176145f3e252669bef74a51eef28dccfa07b,92.00,3,0,7,0,6,0,0.00,92.00
98376930,0x5b801afe28a75d686c943128c189685db7424444,0x754a3fea3a82967ac855e263e88bf69f086bc29f83639660cb54e9968b6012d0,7.00,1,0,2,0,1,0,0.00,0.06
98235456,0xbb4da9840c6a11a88f5e35f1d0996e64a6494444,0x7d0dab37aa172ffc2601c0133cf3a70998d70d8ec042a2229953ddae647d49d7,92.00,2,0,2,0,1,0,0.00,0.20
98373502,0x9019d0e5dedfaf0323ecf281e43324ca57c84444,0x6a58456ae069756994ececdd81307cccc198b0cdc23d575b2a9316ba12efaf3b,7.00,1,0,4,0,3,0,0.00,111.00
98235672,0xdd8c4984e122acea612af84f0e78f123de034444,0xe29d56cf6634401b7b5763a2492384f3452abf3d3c919bdd03879f769f4dbd4f,7.00,3,0,5,0,4,0,0.00,1.00
98235192,0xc70ef0f7d336bdc45cd9dbc356f8edf3ecef4444,0xa03affa1c3b222e9bc2debe7d3330faa009b003db8a5658f85aa0f6f3655d55f,92.00,5,1,7,1,5,0,92.00,5.00
98251274,0x0c1d90bf3025e9f84b8c9d98042cde9505dd4444,0x2c4ff1f04d7fcd6c3b28b8ca8ae58597feefd98327e270a5fd404f1daf53bc02,7.00,1,0,4,0,3,0,0.00,20.00
98235457,0xbb4da9840c6a11a88f5e35f1d0996e64a6494444,0xd53bc6ebd6e8243fdc7d270d7bbec100410dcb891e580835f274ed2447bb1649,92.00,2,0,12,0,11,0,0.00,10.00
98380917,0xccb56656918172793e2af5a805ab958e68614444,0xad734132ddc01c6d13162633221ee884970025279bdb6bca7097bd263ddfb351,7.00,2,0,1,0,0,0,0.00,0.00
98387151,0x18fedb33afa84e871f056db090b7c862c4d9ffff,0x71b990adc6ed8684ff033613e9b17751fca164bef84473a2eab51a6b9a5ce581,7.00,1,0,1,0,0,0,0.00,0.00
98389431,0x7046338a0f269417b6cf98915799d2eef81d4444,0x07e32f57186a2009bedc557ae375315f057d5f62de7cc687bd3d3000648c5dab,92.00,2,0,3,0,2,0,0.00,15.00
98389434,0xe0c8f382bd0b8d42900878a4aebd0ccad92e4444,0xed06662394d994f46231b200685f62b2f9d7574b33ca496af7d3c00d0e88d3b1,92.00,71,4,5,4,0,0,92.00,0.00
98389434,0xe0c8f382bd0b8d42900878a4aebd0ccad92e4444,0xbe06531ea00b3a5fb2a32e15d1ffb72413fc9a54b85689d8e0a63c0e1e7c1593,92.00,2,0,5,0,4,0,0.00,92.00
98389437,0xb2dbeb35d5e966701fd6e26bc34e279c075d4444,0xad71c9af535d32f9595c357b8fecb7d2db6cd34d2f32918de06d9a6610a8d7c6,92.00,45,1,3,1,1,0,30.00,0.12
98389556,0x7046338a0f269417b6cf98915799d2eef81d4444,0xf3faf7ce94352a0ab6998da4c59c641a2245236ff78ef8f03b9fd7d6a8f43a61,7.00,1,0,3,0,2,0,0.00,0.12
98390725,0x1ed712ce32b53d0e8517fedb6774a2fcb6d44444,0xf1302d65434a3ddd297468c404729a3ddb1f7bebe8f1fd26d96de21ab7827afd,92.00,109,2,3,2,0,0,2.10,0.00
98390726,0x1ed712ce32b53d0e8517fedb6774a2fcb6d44444,0xd2b5ee65f5aa9b67c8bafff2ab23a813376d61676f6ab5bed24beb64d1224e48,92.00,6,2,19,2,16,0,276.00,10.00
98394766,0x43eeb5545a138aef28d405669ce66abc2ace4444,0x95cbe0f3f42c712325fc1e5c4aa61b239b1bcf793435d6248a7ab14c3d516b90,92.00,2,0,10,0,9,1,0.00,321.00
98394766,0x43eeb5545a138aef28d405669ce66abc2ace4444,0xdf7db4445d5df9174be2de6f203e3b9e084705d096a33c092f48b972e44ef74e,92.00,106,9,10,9,0,1,321.00,0.00
98390760,0x1ed712ce32b53d0e8517fedb6774a2fcb6d44444,0xd2031bba7dbc173f1a37f8876cc95858ff91fe2d56c94b6f3333ebcda9bbce5a,7.00,1,0,3,0,2,0,0.00,0.12
98394790,0xf355e904946149a5d2241c143394eb1699594444,0xfa68c28489482368cfce3f8d72992c48ac24f60fe52174406c0aff19010c148a,92.00,48,11,14,11,2,0,22.00,0.12
98395607,0x7654f61dcf98e8aa57df9523c14c372ab4374444,0x270240ffa2c15fd42ebef3a03b92a8465d268d51b6a38b95643daa3e93b79ace,7.00,69,1,2,1,0,0,0.12,0.00
98404098,0xf8153e6da83253ca9db3f7c90006487ecfab4444,0x6dab85ee1969565fc1d4d79e2eca3229a13c9be53803d2dfb1adedd3d4511b91,7.00,3,0,1,0,0,0,0.00,0.00
98394860,0xf355e904946149a5d2241c143394eb1699594444,0x2f6c6ebf60cbf5ae38f6bc3dd403d1d17b1afcbdd213523fd6dff4dd6bfcef5f,7.00,1,0,5,0,4,0,0.00,4.00
98415427,0x079593df856da2b162d3d690bc0688ad28254444,0x88999222f5366172a73f274a6fdb8e61dce1e9b073569a50010042a910a14942,7.00,26,0,1,0,0,0,0.00,0.00
98394793,0xf355e904946149a5d2241c143394eb1699594444,0xce2105a65773a3233d1ac5a524f867a0cb6f6452fa49b509259c8b2444c4950d,92.00,2,0,15,0,14,0,0.00,20.00
98418006,0xe316aa7a78ed79deb7cf7658fb7bc1eda6874444,0xbb20801d59aabe2129ab48c51664a85126c56b7b618e2019f935d9039b021aed,92.00,3,0,2,0,1,0,0.00,91.00
98426966,0xa655dbba4a937d9e852642e32f5ec211aadf4444,0x678c968cd5d3538d10f2c92845354a058e11a063090bc176b5e8d5e72e2c7adb,7.00,1,0,7,0,6,1,0.00,10.00
98427214,0x8d21ce4993d4aab34446c4716575e02af2e94444,0xe0299b00653378ebfde388d7c41461c49ded11a7d25d488ad71aa6c90fd8c07c,7.00,1,0,12,0,11,0,0.00,111.00
98441308,0x079593df856da2b162d3d690bc0688ad28254444,0xea261c51c74a87b6fe8824e1f4338b26afaef63e0ee408b7d9f50a2ab7a0a734,7.00,1,0,2,0,1,0,0.00,0.10
98432611,0x404243878aa532db708abfbc22fb7701436e4444,0xb27543b2bd77eef1fa3afb5abe5dc9b4130091a5a1a7504a2c5cc0d2dfc31f9f,7.00,25,1,2,1,0,0,0.50,0.00
98559373,0x3ed685c9781191ab4a2766581fe7b7b261014444,0x93de6257b92c4de446469ea116062f4329ec190f022c5616a6d8e025b9636448,7.00,1,0,11,0,10,0,0.00,332.00
98458611,0x079593df856da2b162d3d690bc0688ad28254444,0x92a80c34ee0b5393c8f668201c344d02820714c05c5ce3d36b4f4112977e88c6,7.00,2,0,4,0,3,0,0.00,0.12
98569428,0x632ab66e4b25e5f29c9046d308bd6cac90f44444,0x6ebbee17245bb33b634dc4533a1de8f68d1dbbe3dd49bfcb7271452659847264,7.00,1,0,11,0,10,0,0.00,332.00
98570525,0x00ac14c7f2c7a76abb8f313af3a75bb8a79d4444,0x98215348ccfba42ef65cfa74ff220294c7fd99fc250941d935af6734dd9978cd,92.00,2,0,6,0,5,0,0.00,3.00
98575699,0x2f30ff5e5c98d292c3b6a5102c15bd87926f4444,0x7992dd989657a7318f43a3c3aed215223e56612708ef03ec8807a57d334614a0,7.00,1,0,10,0,9,0,0.00,0.12
98570583,0xb36f0b722fef141e2bf5a572f20ac109c0c84444,0xa5b06ca9fd956825d58b83fabaca4762cbc798d3bda00c1f621b1844aec58104,92.00,2,0,1,0,0,0,0.00,0.00
98572061,0xdadaee1db36afca33f3fd85b3e9f36f6324b4444,0x9b7f3f776d56a0a930ed41d6e34814dd926ed776387ac6fe1d6f4f345bcd8e32,7.00,1,0,1,0,0,0,0.00,0.00
98578461,0x001008026099c3645f1b514432c994f0a5fd4444,0xf72ea354d27c356e8e9b88f33f2a103c33cd9ff2e852f316942b09d0137a2cc5,7.00,1,0,2,0,1,0,0.00,0.05
98585318,0xaea7d383eac2063bfa2f7f1ed3381e48bca74444,0xaa48d055ca16cb3365a54cc00da4544d8cd5cc827ef7b84e2a32f1d3c5081760,92.00,4,1,6,1,4,0,135.00,150.00
98585331,0xaea7d383eac2063bfa2f7f1ed3381e48bca74444,0x156de9fd0d5c2c86e3869c2815c1807b4a9f56323aa82d48a680045a53b97b36,7.00,25,1,3,1,1,0,0.12,0.12
98586536,0xd92fa7c3241eb5d1bd9ec2f39bc3f851bcdd4444,0xc4853c256f066e274acfba688b1af4ce7984af759f27c4171c226f9e699ca4d3,92.00,2,0,4,0,3,0,0.00,105.00
98615945,0xa39bd4cc56dae8033d376219549c0ad3be604444,0x4a813e4c065f7cf858a5b9b02ce25bba462e0d2d878c903e35ce3e9265fdd205,7.00,1,0,5,0,4,0,0.00,1.00
98591517,0xc9e650ddf2b5c71d31bdc4a8258d626b78294444,0x1f7b8bc32be613ca141032c72868b144e17b79834d28b2047750a111b06dac12,7.00,2,0,2,0,1,0,0.00,0.12
98586563,0x8f6e27c7f7a36c2cabe4c2fade26ab6276164444,0x1f03da3b77b0ecde89c4612d30c74cd74b28073e5ae0d282c7597f988342425a,92.00,2,0,2,0,1,0,0.00,0.12
98594716,0x29c12919470bb4b96f19995f39907f6f22acffff,0x427521f840d13fe33e86c2df1348f989e012e00eda8df3a618d6735d9d197b05,92.00,2,0,12,0,11,0,0.00,66.00
98618000,0x3f4e3ef253f652e74f6ce3840193621e39974444,0x52d604cf1877d25fc255115d9cb4c0e2566a9872ee1a6b0328b1e780e9ea1de1,7.00,3,1,3,1,1,0,11.00,5.00
98626400,0x121da6af91cc364601c858046d78d3c914684444,0x8425650182466c41a9db17b472b63ad05074b904cfd5a4ef4545e45c3ab8d631,92.00,73,3,5,3,1,0,1.00,0.10
98770080,0x5568736ded6bbd23c87d7f4f4d513e500bc14444,0x5d4b68a96f0e90d6b9c38d25b6eab085461927cecc030af97ec8524262300eca,7.00,1,0,3,0,2,0,0.00,0.10
98757416,0x3c53a6b2a84abec7f8ff963b42e53993ce5d4444,0x22e0efdf094f6dcf5788c44d2e670cc8ab3d688bc105d636c1845982d263c5b2,7.00,5,0,1,0,0,0,0.00,0.00
98594756,0x62ce91bb734fd973ae61d8bde8ea7b551851ffff,0x73a9345d236c2807959e265478f798c496518c27fa39cb5ea836ac7f988e37f1,92.00,2,0,7,0,6,0,0.00,5.13
98663418,0xb7963ca8d6ed29d49c1b6ae5cb6618a08d374444,0xfedc0e700eb998c55512be725d547aa2fa63dc4f4a3621da467606cf10be6111,1200.00,2,0,14,0,13,0,0.00,1200.00
98663418,0xb7963ca8d6ed29d49c1b6ae5cb6618a08d374444,0x3d4fd549903b790b0dbf3bf7ac4b5d3b66e8719a40d331e4098d80593625e78e,1200.00,52,7,14,7,6,0,1200.00,110.00
98784876,0x202ec43a45b82db2dca7b20ead855ef286124444,0x4da4fb38e32117516b8b072115756de3979ce38e486e185f33d9019c1bad7392,7.00,1,0,2,0,1,0,0.00,0.06
98769625,0xb0eb2a1a2620225cac1ed22887eb607e334b4444,0x16e6ee0e7a34b985c2a40054fe5a580c55ff8f917493859e14c5407b4bdae049,7.00,1,0,2,0,1,0,0.00,0.12
98782916,0xe4169458dce0a8476c3d2d69b6de3743e8074444,0x60d96e2b2801231ecfaaf67c93a0c028ce2115f51987b6ef68b8d43b74c551a0,7.00,1,0,1,0,0,0,0.00,0.00
98776106,0x4c9034c1bd155387d8c48fdf04563e7f8d9f4444,0x66c7b23f8d7e8cdf20dea3b0dded7e65215367f6f4b566e535838f89d565cb9f,7.00,1,0,4,0,3,0,0.00,8.00
98785565,0xaa1aac60429ac2e152725e1c2ebc995d010bffff,0x7cbde8f91248f8a3d5e7da4cbe8c9c559729f5883baffaacf55e375668904d03,92.00,2,0,4,0,3,0,0.00,0.12
98785494,0xea61a2b500a0ac4c6e962ce867fd9029b018ffff,0x6cc897802a2c208599285443d5a38b7d22a1e6099e517d01f55e8006046281c7,92.00,2,0,5,0,4,0,0.00,1.00
98790633,0xaa4c971e7b92d49f7b045b47921d5c4e64754444,0x76b2c3802cf3b18b73e99742b854df8d306c58f6d7d15e3542611a1dfb86b74f,7.00,1,0,1,0,0,0,0.00,0.00
98791130,0xa892745c853760335ca6dc8e008c43a4613b4444,0x9aed1014341f717cd4f499889a5bce611bf4f80ed7bf41d559feeebf3d8cd14d,7.00,62,1,2,1,0,0,0.12,0.00
98792465,0x1e0ba59f322c1cf14b2d4a643df218491fb34444,0xc19c434bbb4787fb6d55168038538a93f751cf9a28a330bb4227e1c1d4839b10,7.00,3,0,1,0,0,0,0.00,0.00
98940060,0xddef8de018b2a0388f48611efc6c8e8c78f64444,0x93cab1eca65aca9a5ef73ae662ddea9599f3643bccb75fb3368bbbf709a5d680,7.00,2,0,1,0,0,0,0.00,0.00
98945082,0xf10692720ddeb0c628e1e822cebe8fff2e254444,0xce4650818f9d1ee876dfa44d5d89934709a18ba18166e37cab03e168b416308a,7.00,1,0,2,0,1,0,0.00,0.12
98840466,0x6750ca15f0772fe54d594aef6c6c4ac997fd4444,0x122e4746478367f08964fa1c9c9c0cb6f4daf50ff7062427ad2d87c637aa0983,7.00,4,0,9,0,8,0,0.00,1.00
98963541,0xbd43b228e61a12f96752dde8a74c7a7b54104444,0x6f424dab3a7589ef0bb1e5d11dafd5d7a88f949e6e6ebc21cc898fd3f167f26d,7.00,1,0,4,0,3,0,0.00,0.12
98963938,0xbd43b228e61a12f96752dde8a74c7a7b54104444,0xe486fbb6396675a97c8c1917cc5b4ea82d7b939556e9cf094a88e375e16782ae,7.00,1,0,2,0,1,0,0.00,0.12
98966089,0x912bf6fb81b8c2865c18cd4fecf116bac84c4444,0x3d8357e6cc28ffb3f799f9094e2517c016c61768a96ba1ab119a2cb8f55a7914,7.00,1,0,1,0,0,0,0.00,0.00
98984479,0xbbf45f5f975f7c0838c7108304c1e4c52d264444,0x8b2d45e578865d41aedabe178366f16ac4da5dc28a4440ce5d53acd6b338cbcb,7.00,4,0,1,0,0,0,0.00,0.00
98960996,0x4fad0e11e1d893c45c5cfbd6eeee7ce530af4444,0x68eea1485e59fb82e9d1e982bde53bb17f4c43ecc1696902da5fb9ab9108caba,7.00,1,0,1,0,0,0,0.00,0.00
98990110,0x816071a8df53348cfaa54f6eb74a673adf984444,0x1f05de2cef4126183a11b5a1b0f76ee3e50c0b43868ed2f0871cd28de63b27d4,92.00,2,0,2,0,1,0,0.00,0.07
98980775,0xd4ae536d3b8d2061ad232313b615d9fe39204444,0xe101e034af1e85e8451b8b40106e7d26f1ce1069dbe6a2ed63eab7ce1f18d3b9,92.00,3,1,13,1,11,0,110.00,77.77
98994823,0xd431b6b8a5f5176775972830d295d280f7a84444,0x959d60e65f2a58ece7822f8a7bc08846369c814a44fe83f5a41a6ea661a2c3d9,92.00,2,0,2,0,1,0,0.00,66.00
98996479,0xa4518cb271e9350efc2fbcd9538ea71578f14444,0x90b1b77a0313bfcf982a520f8842e907bac4f95790c7854a01bd52fabdb08dfd,7.00,1,0,1,0,0,0,0.00,0.00
99000095,0x9c51e2e8690e5ce7a1086cc651a442c2e0824444,0xa43194a828b964f59c8c4f39ac8da957303e896fb8696aff9d47e4f0574addbb,7.00,1,0,4,0,3,1,0.00,3.50
99003916,0x985675f0ad4453c8ce53a0dedf0dd44b8e5b4444,0x8e0de8e1b041003e792cb1dfc5069c23f35adc748084c59f672136675ffa9624,7.00,1,0,4,0,3,0,0.00,0.12
99004087,0x985675f0ad4453c8ce53a0dedf0dd44b8e5b4444,0x3a981d99fe8f60bb8518a774e16c55188670640608a11cff3a3e36618c222ec1,7.00,1,0,12,0,11,0,0.00,68.00
99015137,0x78df06c3c48c63e1fa51e9223efc004f8e844444,0x47d18b7ea4840029a891e3686c23d4b96ff7ded2122cf7efe6fbdd259d85bbaa,7.00,1,0,3,0,2,0,0.00,0.12
99018065,0x73c1175ce3bb02d906d387800230d5f31bbb4444,0x007dfb05619750c459eebb9b968bff012ec67e72263353e3f7b817f27d1dd375,92.00,79,8,10,8,1,0,40.00,80.00
99018066,0x73c1175ce3bb02d906d387800230d5f31bbb4444,0xef0111ea5bdfa727802dcc742950d3476d6e9d90840ab43f0b977277ba60e1d9,92.00,4,1,13,1,11,0,101.00,92.00
99018066,0x73c1175ce3bb02d906d387800230d5f31bbb4444,0x11838f89d5b481a7a93d300c479d9483136a31a0d42394bc1beb5daa621cb465,92.00,58,10,13,10,2,0,101.00,5.00
99135610,0x251c9626c6fdbb6567170fd97d6089cae2204444,0x718acf8c2e7f1a5ea7c8192a9c7714e29be5fd3cc48b5f5b33e8baa38145d3ed,7.00,2,0,2,0,1,0,0.00,0.05
99146815,0x9ee6e652905be8966ff3a9e1d72ba88e0fd14444,0xb23529fd3f4b67c3003e734f86fef04d69a67c2c55c9e7c67c3f19f46c894f0d,92.00,2,0,3,0,2,0,0.00,92.00
99146815,0x9ee6e652905be8966ff3a9e1d72ba88e0fd14444,0x39141a73e66d5103fd04ab28c457e05d7e421b82792248859b991c9975d3402a,92.00,76,2,3,2,0,0,92.00,0.00
99018101,0xb52c20a74f97b23eb5264000bec4addc13354444,0x283ffada4598d13cbd466dfb1a971c3dafc0c7d1a6471c8e12a2952f597009d7,92.00,4,1,14,1,12,0,110.00,53.00
99018100,0xb52c20a74f97b23eb5264000bec4addc13354444,0x3a7dec642460498a302b537e15e7efdb368efb2ce56301ededa664a6bbdc6647,92.00,2,0,2,0,1,0,0.00,0.12
99146852,0x45b5042ff7c984589180900e746ccec0bf224444,0x5bf59d0ff6e83ae928a8f3fe47f43c006571cbb0381c576d93d13ce2779ecc4d,92.00,2,0,4,0,3,0,0.00,0.12
99157992,0xc168c71d20375c5ac8a5e383b9b8a51e9e5a4444,0x675c24f13ef5d4e808794e80c91874ce9c4818fb9dccd88a0b54411d32a52e66,92.00,54,7,9,7,1,0,50.00,1.00
99163084,0xf7ba156e779b2da20aa4daf75eb1197d884b4444,0xb335f070597c7c562ac4a7b3472f633b1f4cb3139080e2b0cebce75011735958,7.00,1,0,5,0,4,0,0.00,1.00
99168921,0x0490a306fe77344d1e6844969c3032f8e0674444,0xc471ac0c4b73e18acae7c292889cd53cbd69f0cd99889a4c075886181ede92d8,7.00,1,0,2,0,1,0,0.00,0.06
99169588,0x93826093f437758284aed3980aba370952354444,0x46ea816965fa7eb8a5a26993939813403337bc8afd88417245a41ec4446496c0,92.00,2,0,1,0,0,0,0.00,0.00
99318681,0x2cd9bf7d96af8bc6f3126cec064b549d9b3e4444,0xb28c6880dabf062d7ebcb5ac0f9b028b55ee8966712da99f5a432ae0ca9d38f6,92.00,36,1,4,1,2,0,0.50,0.50
99326310,0x6ca6e08a72f6b7822c0ac86e57b201873f544444,0xd71d1f93b88acef6bdb97c2523993243981b1bca22c780e2fbd38c81a9bbef94,92.00,2,0,2,0,1,0,0.00,0.05
99185558,0xa4ca88ab93eb9467d217e248b47baef4ac504444,0x023958e7a2e7d922bd22c8cf502110d06ddabb14dcbd0e14b298e0858111799d,7.00,1,0,1,0,0,0,0.00,0.00
99322325,0x3e6ca7a0b74cf139048c74278082cf7470cd4444,0x7afa2d8c2ad7c526c0445a4c3f9869e18cc1b396e05c88c7c018897b0a58efc6,92.00,2,0,2,0,1,0,0.00,0.05
99331261,0x6f111d44224056fb412fa7e1ed73777a7cd14444,0xa1731be854f4c1d229cef0536248ccd1f7a9ca2e131b30570588e06c6cff991e,92.00,12,1,2,1,0,0,0.12,0.00
99331294,0x6f111d44224056fb412fa7e1ed73777a7cd14444,0xd7b3d4fe38273078afe6efe61adfeb5f11c58ebaf900d97799cf715407d0be63,7.00,1,0,3,0,2,0,0.00,0.12
99202026,0xb1967fbac43c6e2473ff4e0763fc98d8d5c54444,0xb8f066a2cc57ad4afc883b467ac738f5e0286e5437322b1e075d80d6bbc76e64,7.00,0,0,1,0,0,0,0.00,0.00
99333546,0xde4bb39f5cae02bce5d820d517264d72893c4444,0x472a128536120aa2ad57dd327d1441009cc7cd46a2a8a7b708c4ab8f4a9309a4,7.00,1,0,2,0,1,0,0.00,0.12
99337669,0xea26a9b57b33e6f2b11f07102da89b6127554444,0xbe6f3678fbc41a857bca7fa82a14ed7efd3487cfa7489c62180bb6bcb2fda2b5,92.00,140,7,10,7,2,0,100.00,0.12
99337689,0xea26a9b57b33e6f2b11f07102da89b6127554444,0x09f30b018c7f2e3b9c29b30405391b6719d9ebeaee4d0ffd202f09889b9c7e7c,7.00,2,1,10,1,8,0,20.00,3.20
99353581,0xb33ddf4dac889c56f38695e0c9868df3b77c4444,0x7eb48bf767836bd97dbda89025f57f445720970b3da563e5a06ec330049cf6ba,92.00,2,0,1,0,0,0,0.00,0.00
99337669,0xea26a9b57b33e6f2b11f07102da89b6127554444,0xfec8fde04ed321eb06bc3c4eb80743e715eaefb93ca3b1817075cefd433fa644,92.00,93,5,10,5,4,0,100.00,92.00
99337719,0xea26a9b57b33e6f2b11f07102da89b6127554444,0xcf92857866d338220c296cd77dc798c0b291ca8ef9c33ba84e852c0ab61bff3f,7.00,5,1,6,1,4,0,0.30,0.12
99355812,0x2c8132611b9430e6d2287eb663129d94660a4444,0x46906b110d07ad614d0e675e015acd30f3840d483ac83d7d00d7c5af6b1abee0,92.00,5,0,1,0,0,0,0.00,0.00
99355867,0x8c64081aefad814b33ba3edd223017e807ad4444,0x125881e0594199fa4220a7d78af0ec57af0f862989105eb3e1259d8554fcc997,7.00,0,0,3,0,2,0,0.00,0.12
99337705,0xea26a9b57b33e6f2b11f07102da89b6127554444,0x5964e2f430fb20c6481e35d798aa76bd242e70f4d1597467ebfdb7278f8ba776,7.00,1,0,8,0,7,0,0.00,5.00
99356867,0xa973d0662abe20224a4ca448c678412ebd904444,0x60172a4bcd68e2de4e52d6aed48c9098c5f6ff2b0a2c2376539b9005a0078e10,7.00,24,0,1,0,0,0,0.00,0.00
99370888,0x4fb60e7a62745dccb2e155035eb22811b4be4444,0xa7d36ba708ecc804ff939bcf1faceb9407d5b9e74e411fbd411681280a81131b,7.00,1,0,2,0,1,0,0.00,5.00
99365521,0xbd1d873241c33fb325635f78c187918c6cb74444,0x99643b36e60d00ebd490118585dedb3e84eb2e986aa2e8586f724decd32e607e,92.00,2,0,4,0,3,0,0.00,10.00
99368402,0x539cd616d4e7ec2de24b7d1df65724fe11404444,0x799978d3ce53a43580f81ad940fac1cb22a267d59443059c1e7fb13357e3a5b5,7.00,1,0,2,0,1,0,0.00,0.12
99367769,0x63af4b584f150a204e2642c1b8ea248caa5d4444,0xb64b8f48fc2f1a0684cf315efeb16417119f22152c701259e2aadd5936fdd89e,7.00,1,0,4,0,3,0,0.00,0.12
99372130,0x2723999a5d2a9a757a19d189cc5ce6f24fe54444,0x5bf83f86a733ad0311db21e5db0abbb924529f326286e7ca1dca6e282c1fd01c,7.00,13,0,1,0,0,0,0.00,0.00
99378149,0x708559dfa8fcc534c953d63de933254a10c04444,0xee88bd20007995777c3bfd5ae164a415b55f3a75fd284f88722b02841df6691b,7.00,3,1,7,1,5,0,4.00,2.01
99378382,0x885936a0b5810ce839b102741d77659cbd544444,0x33c744f19ba6268e2a94580a33db6f7f5a9c1dce6b63db31b364d0b876422315,92.00,2,0,2,0,1,0,0.00,2.00
99529152,0xa5df347f5b227ce66b320d0177c5c8f771c64444,0xe840ea01dfbeb09b8d9f7fab23435424107f9a2fd5de8d7c5e7bdc62355feef5,7.00,1,0,3,0,2,0,0.00,1.00
99378718,0xad2a6109d13a5400545545b4210bebf271224444,0xb71b873b8955fe65d961c2cc4b2180a591c1dfac6669b790d4194a2db3659e13,7.00,1,0,2,0,1,0,0.00,0.12
99414628,0x8c604a79a86295eb9073dfb5c83a43cbce1a4444,0x9d169cfcc1b7ad367de76605717718f821ad9e728bb9078806cb92980033bd40,7.00,1,0,1,0,0,0,0.00,0.00
99401902,0xa44208b5bfa96d860764cf0cd8556904098e4444,0xd59112df060fa59fe8a3c38f863459521df7ac0bfda6314ba094f804624da532,92.00,2,0,2,0,1,0,0.00,0.12
99545313,0xc3126fd8b5f80d04ce98ce140bdbb621480a4444,0xe428886596547fbf784d13d38e61605e4a18aea867d5765a10b9d2ffe7dcaee8,7.00,11,0,1,0,0,0,0.00,0.00
99534402,0x16a56bba51c740ed360ba0d4761627c974244444,0xf365307450aad7887723933b0c129b77c44707be3b0688c4f08d3fce58f65563,92.00,2,0,5,0,4,0,0.00,2.00
99551625,0x00e12c5635b7c0f93ced80e0566ccb5596544444,0x490bed1bed2bf15d715c854a61c146f3629ad35692bfa313b078ec1d882b16b1,92.00,2,0,3,0,2,0,0.00,0.12
99551660,0x5c7065821f6ced2a36720720c85e5d94b8aa4444,0xfce4cea9796b089284fb4f419ccefcf385f435f56485e834a4f1b7ea5604078f,92.00,2,0,5,0,4,0,0.00,2.00
99551896,0x44e9f4b7f9dc585cdd464ad00aa7a50b0fea4444,0x2e516b899ae461a0405e70cfe3b3f23d3fe8d72d94ce90f28202034e246ec122,7.00,1,0,3,0,2,0,0.00,0.50
99556176,0xc728f0ea2d860ec3773d6f624fe94fa1bf8c4444,0xd8cb9a03616cdb5e669543fcc0454509c8d51a12b58e8b412df92a85bc5c76ce,92.00,18,1,2,1,0,0,0.12,0.00
99556527,0x036e590c1564cfb1d3a245dcea8ae316ab4b4444,0xa949d2b1de66ce4e573fcb8b4d14eecb1f84b42e720a654668324a1fdfe4c4dc,7.00,1,0,3,0,2,0,0.00,0.30
99567001,0xb62207cda56c7bf17e869f2b30cc077b19ad4444,0x9f788a4ec0b3f15c854d45d2e9c586c5912531b6d6b5ace0b5ab55ef837b1c9e,7.00,1,0,1,0,0,0,0.00,0.00
99551935,0x7981dcdc97cbba350fee82a3403cd498f9a04444,0x85866dd9eb4bc561d4034ecf9bc746a89246dd953e3b749013264fdd6981705f,92.00,27,3,9,3,5,0,22.00,22.00
99564062,0xad6195371dd614f7183af130f7264774f1054444,0x40fd73ec04202fedfdc2bc68ea1c2a30bf7ccb14417b8b565ebdc1fdef8d8322,92.00,93,1,3,1,1,0,0.10,0.26
99574858,0x0d9978ba84c82c42adf2514a9b58dd78474d4444,0xf73059e0c34c0358d3fadebd07662cd063b8064bc4c46e8c707b646d5879d946,7.00,1,0,1,0,0,0,0.00,0.00
99577835,0x0dd20f783314ff233112a0e91c96e401bdfc4444,0x710a0d5d2dd095f2e7073c631615a3cd1f8a878b8d93798fd8458a85a96f7e0d,92.00,2,0,2,0,1,0,0.00,0.26
99562892,0xf3f882d95e59671896dc60472d696b0701d04444,0xdf07f5ccdb1f2f3ce9c49e503d362e6f554f35859822bdc5b06e65c09f3a33a4,92.00,2,0,2,0,1,0,0.00,30.00
99577863,0x42875f8431d4dd1a9b54511b04fa201c04254444,0xa35881d88c1e2875af8da918503b42a5494ee5fa09777b20e9db4530142b32e6,7.00,1,0,3,0,2,0,0.00,0.12
99578155,0x33cdff4c0951836d4ce59615ed30770a8eda4444,0xe35e71f00f9a3b1ead773772eab67a221b27faa6c4ffab22aafc82d3c28dcc2b,7.00,1,0,5,0,4,0,0.00,0.30
99592917,0x41f996942138079677cc73acbb8349f702d34444,0x2b79d6367f12562bb6df787339f62ffd70a3f0d1e44f869a3c27a0a7db0acb39,92.00,2,0,14,0,13,0,0.00,88.00
99604896,0x39159fdaf5224eee7d03aa20cbf5ac2b9c464444,0x0171fab512fa4d7d32a2d9c80c58d3da1878c4dee800803fd4df729a71bea9ad,7.00,2,0,1,0,0,0,0.00,0.00
99606008,0x8f8c2fddb2c808da94f0b025542bac651b044444,0x238bb9f606d7fa693e139455c1641be979c2083b910fad19ec5857f7f2d719a9,7.00,3,0,1,0,0,0,0.00,0.00
99594608,0x9651510c764afc00c1b06e55838d61844c62ffff,0x50b137b30430330aff7a84375deacebf0371c468eefc478a1c8b286662652422,7.00,51,1,2,1,0,0,1.00,0.00
99690768,0x46679e1703fb65f1d094baa4355b4b6513524444,0x65d7eadec9838a5b16c43e28bc3b80e64c5e677618a611a22419c4e56b3d49b9,92.00,50,1,2,1,0,0,0.12,0.00
99705312,0xe8b7b635c33bea2c9ea47ce63759bc16ed4d4444,0x6e4b27ecf40429ce31532e7b074f616c759d5cf56f5b8e4fa116b4e0fc034a1e,7.00,1,0,2,0,1,0,0.00,0.12
99710162,0x076ffbc1be7a63897b3a051341fa9d9643034444,0x16a19a8d1aa06a0ced3ec817228983e5cde1b7da4d699e3a97528771f63b523c,92.00,15,0,1,0,0,0,0.00,0.00
99711114,0x5e7677fd2b5ef86dc37e04fee7152c0531404444,0x495b0fc573b15cc09062bb7407d784aee9102b758a917cf642ea83744efc3679,7.00,1,0,2,0,1,0,0.00,0.12
99710894,0x1919d01184e0d7a3ff709d465e52c8bf85f54444,0x12c178559a9ea374d952a2116087828021a5727e3cd4c78bb17c139add4dba18,7.00,1,0,1,0,0,0,0.00,0.00
99713461,0xb9fc18016b5214da5fa23ac62cd2f128744c4444,0xa6b1e15d0f71c77962f92b1035ec9360cf3e695b102f38c360af001e3ca26cd4,92.00,2,0,2,0,1,0,0.00,0.12
99716884,0x32d9eef6462f800787f9264eab2de0ff997c4444,0x0914c2dc036d330ed2ca65e6071ff2f49fa2f44cfdfb1c731baa80ce5094c6cf,92.00,2,0,2,0,1,0,0.00,0.66
99712609,0x4c376378757b519e63b967d8a35472176c9b4444,0x5cc59559b0a8658e3135250eac724d35f224fe6d3e65564ba8fe9fa3ffc024f3,92.00,2,0,1,0,0,0,0.00,0.00
99717736,0x3ce4fdbc1581d73c8594f724b6c4524df79a4444,0xa06777e91a514bcbf3ad541da1c52c156da2f0cbe1a4ea3aba87ef11152b878a,92.00,2,0,5,0,4,0,0.00,92.00
99717736,0x3ce4fdbc1581d73c8594f724b6c4524df79a4444,0xcdccd495c78fdac6be33744fac42205d48b4411f97f57c2409631b5613c92d42,92.00,53,4,5,4,0,0,92.00,0.00
99717743,0xd0b0d46a3b24d4be5df1d292bb0f76938ab54444,0xaf094079ccc2a066b990ba46b1bb00893b18abd10e68316c8f7c5ccab633864f,92.00,2,0,2,0,1,0,0.00,33.00
99717739,0xd0b0d46a3b24d4be5df1d292bb0f76938ab54444,0xcb651e036d50b127e986be886aa7fefe3c91ddda72862835cb7c7c23f9b23b94,92.00,2,0,7,0,6,0,0.00,101.00
99717778,0x7db18ed6d28692fc6023df7343d2fca726924444,0x752e7b6d73ac52610c6c32934f9ef432ac5851d6bf07e14864636122318d2c74,92.00,2,0,3,0,2,0,0.00,0.12
99720981,0x704470092a035cfe490c8aa008367f94ab354444,0xd341e179f09599b1832bb2a2a325e309215ed47eba375b1b668173b643f7bee2,92.00,2,0,3,0,2,0,0.00,75.00
99725939,0x29789b64862da90200a6aba43743f50292444444,0x030f5f15085bc7ce89d30691b7644dcc5e94b0e4f3ca0765955dd24b21b526f1,92.00,2,0,7,0,6,0,0.00,25.00
99721005,0x95bba677f5c71b6ec3fba5a0512b72738dce4444,0xc897923032a415037f895d19c160ff2bfe7482c672b09469e809e7a0ee3e59b9,92.00,2,0,6,0,5,0,0.00,110.00
99721005,0x95bba677f5c71b6ec3fba5a0512b72738dce4444,0x53612e9b7cf461b975c22f04eb684c529185cde26e46c81f686e76c583174a13,92.00,61,3,6,3,2,0,110.00,2.00
99728303,0x1c084ee1ad62b4e8c0a3821e2e31c1442b784444,0xef8e0ebec81998d013c9532b376ef7074eb3940028130269a4ef0e02eebbbb96,92.00,2,0,7,0,6,0,0.00,92.00
99728303,0x1c084ee1ad62b4e8c0a3821e2e31c1442b784444,0xedf7255eaaef492d0cb36fe7469a83626e815570509e5a38e2797b28f6e57886,92.00,4,1,7,1,5,0,92.00,12.00
99751051,0x0726b51e59e0d6030902ab30ed8ad80cb7b54444,0x7f06fdac906d631b8f5460f8f642decbf250db05846bcb2923b779f025b81cfb,92.00,2,0,2,0,1,0,0.00,93.00
99774258,0x1275198cbb0a43ebebc1921d2fdf853866c84444,0x0251c126bab3a3f55176a1445ec76cb5db0853c60a666f8afdf06eb214e9ebb1,7.00,2,0,2,0,1,0,0.00,0.12
99786375,0x693a01471e0c18fab79dbd728637241ac76d4444,0x2cbaa65a6fad5a97c4e9e4864cfcbd3360841e727dbd959f58aa8e3711759242,7.00,38,0,1,0,0,0,0.00,0.00
99779644,0x5a7b9fe42f587e397bac31ea2de2f44b208d4444,0x9edf4f5ab46ad4ee2219cf79877edf9a043b34f5070566b88a28e3a32b8fe264,92.00,2,0,4,0,3,0,0.00,100.00
99776430,0x0f220eeeac82bcd9f0abfc6c14c6500d810f4444,0x561a065e22244515c1ce1507be8025a0d1fbd9e743e6b6559a60f710b55d820a,92.00,299,4,6,4,1,0,5.00,2.00
99785359,0x25da1dd150e6976dd4c49d39519d095b27534444,0x2138f16f4c0fed1e0cd9789b72e786034f2e3825ff14e477e644f8408b5c19c7,7.00,1,0,2,0,1,0,0.00,0.12
99774794,0xc8cf51b188b6abab130abf7aba537abab4914444,0x8f14e1db3f5beb3ed1fe75ad6c2d96488119571a8726792a6ca878d4f25e126a,7.00,1,0,1,0,0,0,0.00,0.00
99786446,0x5be7ccadb58ed05aa0e577774b3f32a4336e4444,0x23493c3f234a1be68570f57b599e222ee990e390c5fce23acc9008b076f490c2,7.00,63,6,7,6,0,0,10.00,0.00
99788860,0x70530c9fb4e06b2b9ed3e2a3061b2c06f8f64444,0x2752bee7f2de91e3fa8756a2380783537b8a76d891b1fb7fbe29e7469ab43b63,92.00,2,0,3,0,2,0,0.00,0.12
99894170,0x0563f018368faeaec94bae48eaaad45d772c4444,0xb07e46666b180ef1793f008bdfcd1a9d38399d3fb745c201e919591add5aaceb,92.00,2,0,4,0,3,0,0.00,0.12
99896250,0xd61ee6dbbc96513c6ccab32d06ca83efefc64444,0x760eb74e77f68dffd6dbb3973e641319bf20c425ba7d3b5cbaf9a3726f1a2c39,7.00,1,0,2,0,1,0,0.00,2.00
99882524,0x8e4d5bbdaa65170692f66a98b4b6a975881d4444,0x8a5e02203b975a08105ed1fd5b9eff2f35c8074197b84d991f5710902c777ba0,7.00,1,0,6,0,5,0,0.00,68.00
99910321,0x961a4bf4a8ae82545989e5ca169dd72a79224444,0xc6257342bde6a897e0889c7b3f08237363820ae3c2252225120f44702bb6f969,7.00,1,0,1,0,0,0,0.00,0.00
99922118,0x43733a53b6de88bfe53bd3f8e189b9c7d1544444,0x3f098a6a5efe4736b7e52c0f1aeeaf6a26409c75066b69f05b0c2f2350452ae9,7.00,1,0,1,0,0,0,0.00,0.00
99929359,0x484a95e9435372b42f489733d35267880d904444,0x0e5884d2c47942e8b000506f34aa6e6bfee8e163eceaa676b80c2ebafff535d5,7.00,1,0,3,0,2,0,0.00,0.06
99931246,0x896448475aa4ec7c4ff77a4a3a9cefa3321b4444,0x32cb5ca9549c4af431361b4e3d694ad3a8c045635ee852b33712badf06d913db,7.00,1,0,1,0,0,0,0.00,0.00
99937719,0x94d62d12af1d985c663842ede1bcc1a6399f4444,0xd71464c8a3b3be34c18ac2fa225b934782d96d2a530dd8c530b52e0a28101b08,7.00,1,0,2,0,1,0,0.00,0.12
99939424,0xcfa2f07c65b6db7052c127d55cdf817b58b24444,0x592c10a8c5319121bfc7d65272007cbd8c4c9e1ba5e41045489c0f5bece7702e,7.00,1,0,8,0,7,0,0.00,18.88
99990861,0x9fd6c2d388109a7f1fbfda3080067c2ef1074444,0xcc2c20209ffad7a98e934e2bc6f91b4bff066c6661de0ef2e2a473487807510e,92.00,3,0,1,0,0,0,0.00,0.00
99946708,0x4a712ac5b560ace0e8de0f908394d96b83694444,0x1be317ba599fbf2fb04195e02c9166b9605d460176226bf300453734126eead1,7.00,1,0,1,0,0,0,0.00,0.00
100098562,0x2dd66c99ada7dcdd39b7b1fdc6fbd0f22f834444,0x6e0669e8c1a73b80f495376ac99b8b6d5fe171135baee3534fb093d15336a077,7.00,1,0,1,0,0,0,0.00,0.00
100100886,0x9b76e66ff5a26dc76abff859aed3f6b4d57a4444,0xfcde98bbb9c3f0f46b8fa85bdb8ea084c61a706b6329c15000b827fc70ec09e0,92.00,73,2,3,2,0,0,1.00,0.00
100097379,0x91894133287ce7c82a29abf3165a5f3a6d144444,0x8b62c2d9b2df1a635bda09ec92301b47908d118b5707923253923e2c30541c1c,7.00,34,0,1,0,0,0,0.00,0.00
100100761,0x91894133287ce7c82a29abf3165a5f3a6d144444,0x44426f16be3d9000e4ddf253d22da602d9a9c47aebb4428a24730dd835ee0046,92.00,7,0,1,0,0,0,0.00,0.00
100108531,0xf55dfed53eff463339e238ed1580a84ad2654444,0x0a05e272ba27ad8d759251416f24183d0c161ad24d80ea551c2132d9229244a9,7.00,1,0,1,0,0,0,0.00,0.00
100115632,0xd84fd7cf11cecbe713494ef81f4cf2988d8d4444,0x09cbc8ae1ed7652baae67da5814abb22fb5cede39df4025030c88e3a36d7fc88,92.00,2,0,1,0,0,0,0.00,0.00
100119792,0xf07345eed922bf3129e84455bed4f39b91874444,0xee72c8f8261df37c1240fd38c62f74317687936c2a57f1086108b5c8842d9902,92.00,2,0,1,0,0,0,0.00,0.00
100108065,0x9688e35f92e09dfaa4c0a3dc103e074755a54444,0x0d255460aabe5b3e1b2ffaefd97de7800489395f6bc134fc56948639683591ef,7.00,1,0,1,0,0,0,0.00,0.00
99945522,0x4a712ac5b560ace0e8de0f908394d96b83694444,0xfab8899305183eae29d5658a96b31aec2be9986a4acd02fb1897beda9dd90a26,92.00,2,0,4,0,3,0,0.00,0.12
100146611,0x13f702763b36ec18be2811a0c7fc4aa574e54444,0x90eeb6796ffd636b0fac09df291e722b43bfbe3a3b20a24fbccdefae40354beb,7.00,34,0,1,0,0,0,0.00,0.00
100120695,0x05eebfe46b61fe9fbdca2ca1ccf09226a9054444,0x42ef2ae6b118cd3d38ce0ee9e9173560d7b338d082bc1d8795ff3ef0a32b6b83,7.00,1,0,5,0,4,0,0.00,55.00
100125029,0x50b1fe308606f632e0bc2b3580c3e2331f7d4444,0xe9990a7339c904091d2333ab6659758926167a4c8a9aad10e86f5ddae722bf07,7.00,1,0,1,0,0,0,0.00,0.00
100151843,0x79d33d89074e0f716d4d307cf965c6eee6d94444,0x61daa3eb2318f72eca1a18d4d4c836d6d8de3a0fe87d11f718839e79f15f1fb7,7.00,1,0,1,0,0,0,0.00,0.00
100152317,0xccab825d0bdcf6584bdacb00b4ea93b778a84444,0x37d24ac60402cc766b9e9d25f5ad43b7a0bd9af2a43d6c4dc224e3316444ad8e,92.00,2,0,4,0,3,0,0.00,1.00
100152441,0x5b3a794fdaf3a33fdfcc466cbe8575aeb2c64444,0x650a2c0cfeb144d99bdf3f544c979173228d04bf645ed83abcca5c2cf3077c0b,92.00,2,0,4,0,3,0,0.00,92.00
100152473,0x5b3a794fdaf3a33fdfcc466cbe8575aeb2c64444,0x9308e1dc3d282291933808e98ca25d2ba7487c18a1b2abc1c8d50e17a3ad51ec,7.00,1,0,10,0,9,0,0.00,20.00
100153570,0x92c1bdbc320b9f476ef691540b112fe31ebb4444,0xa4d6f76271aebba1fabbb9e9f72ba9b788fdfe7bb2b95ea4d5fa140e849e3f66,7.00,1,0,13,0,12,0,0.00,7.00
100152318,0xccab825d0bdcf6584bdacb00b4ea93b778a84444,0x8ec80d44bf907a5daad2687b8bc0cb31512f3dec630e959a96b46a27937a93ce,92.00,2,0,5,0,4,0,0.00,5.00
100176333,0x3a753bcb831c1b8b0acbb01a9168bd5d497d4444,0xfc44901fc8a9f5daaaaadbd5fd2176586c541c69fac700aa0a0ff0623870a386,7.00,1,0,1,0,0,0,0.00,0.00
100152425,0x4ac6daaa85d0bcd9754b653759fb967c16774444,0x89504c9f29f0be3849a1c9afe75993402f4d6913dce2aa6be85fd95084d59764,92.00,2,0,6,0,5,0,0.00,100.00
100152441,0x5b3a794fdaf3a33fdfcc466cbe8575aeb2c64444,0x9b711b9e97f089479af9860c0e43a579b2a2624b9cae44ad2522c86975aab72a,92.00,102,3,4,3,0,0,92.00,0.00
100152483,0x5b3a794fdaf3a33fdfcc466cbe8575aeb2c64444,0x5ca5ad1376802f02e1ea5d8bef19e216170743ec2b94dff2921da1d627f13f18,7.00,71,6,18,6,11,0,3.00,15.00
100152468,0x5b3a794fdaf3a33fdfcc466cbe8575aeb2c64444,0x42a65b66a4758844e1c8f74b7b5e073ec455970e15cf3c7fdb0d15e10e1255e5,7.00,2,0,6,0,5,0,0.00,0.12
100281756,0x14b53ebc7aed5518e5983401613a2b65d0dd4444,0x0127732f0e58adf446150ce12214cdfdbc96e0d57ab69defae4324d4cfb5a255,92.00,2,0,2,0,1,0,0.00,0.12
100281549,0x0750b3cb44e5374e15cd591d0b53b70d7e994444,0xaa8bc7064c03f22c0a1c838d250e5815db8aa379f86a7a38fef42d1e3cdc6d89,92.00,2,0,5,0,4,0,0.00,0.12
100293720,0x63ea32b46277e97d0a8e04c6d3ffbf06c34e4444,0x381bf8966cb42fd82d0c8fa91193e11324d0017bb3155679b3e723eabec27a14,7.00,60,0,1,0,0,0,0.00,0.00
100296098,0x302c29cf6caa8bb00f5bd3d68a6fd8b26cb24444,0x76010f79d5550a73ca8cb9f5cedffa33d9f26bc764ea5e032ff4911eb69e9608,92.00,101,0,1,0,0,0,0.00,0.00
100178782,0x1c1524b5e748bc3d0ac14695b624a574e0724444,0x2460e802ae1d97f76c59cb7da15d81c9aff2fcb3705d72ad571f38e51d8ae253,92.00,2,0,2,0,1,0,0.00,0.13
100322495,0xfee313e54f52afa6054fdc50ee96aae1f07a4444,0x765f829878e5fe2d67fd757c0b442d2832f89ccad33c00f6783c7e0d04e19912,7.00,71,0,1,0,0,0,0.00,0.00
100328795,0x2bad0f6c9d10d7835e1b89060fb263e1783b4444,0x46541804215ce6865f040a6efadd1738a7ac5a9d211be15cde469038eae623b6,92.00,2,0,1,0,0,0,0.00,0.00
100329569,0xff6113ed015fb19c1e3633d07f7a4ee5b13c4444,0x428810f90fdb4f6170dd55684a1e5807c66a5d0d3e70a8ec996f233ecea2a82e,92.00,2,0,3,0,2,0,0.00,0.12
100333107,0xd833f9621fd50277d626832378147e82959c4444,0x0a654b990bae486400093aeb405c20789cf030709353e5237a079d9dcb7ad7f4,92.00,2,0,1,0,0,0,0.00,0.00
100356170,0x0b055dedff99068c76e1b54d0a5ca79140b74444,0xab8922f6d328a6ebcda0e1448458567d63e78baa09d7229dac1055db3adc1730,7.00,58,0,1,0,0,0,0.00,0.00
100348120,0x0e6c5735501d621a0bd42888eb8724679d614444,0x610387b375511de67c2155c2426025c354a0d7c89a8ea109313a6f56c93e2b5c,92.00,2,0,4,0,3,0,0.00,14.00
100356196,0x0b055dedff99068c76e1b54d0a5ca79140b74444,0x732e302f54075907dcd0cf90f58a0592ee902b80f6d322398a56195b91e0a961,7.00,6,0,2,0,1,0,0.00,0.12
100487734,0xeeab7cfed4d5187a6f3020ffa17771857c7b4444,0xad7333d528b0ba78cda86d0976ea1f71dce053eb2bda6e703811ef827da0ff23,7.00,1,0,1,0,0,0,0.00,0.00
100486990,0x357b0f7c1d51269789e330ad4e3adebb37a14444,0x35e77817cc2a97e61fbffd07484f534ad7d018ab8c99058ffd9d70fccd9d0a92,7.00,1,0,1,0,0,0,0.00,0.00
100487889,0x4e08e9e3e264413adacbda5499dc64d84b684444,0x2bc1c5f83f1548d46227925b879b005ed22452eeff4ccd15b3b218d46894c370,92.00,2,0,1,0,0,0,0.00,0.00
100487917,0x4e08e9e3e264413adacbda5499dc64d84b684444,0x401f0ca26d89c3cce300c444814abae22acdd59962819e55096538353c6deb05,7.00,1,0,2,0,1,0,0.00,2.00
100356136,0x3e385361a06de4dd4115ee071ffccb506df34444,0x20b98aa4d3c723138232cb2c9e7bfc4d48504af1eaca9becf4e3f24b9f5b109e,7.00,116,4,5,4,0,0,5.00,0.00
100473365,0x6657adbcaa70f579a46a13dbab7961695e434444,0x60974dc31fdf542ee65423ed94c0320d8e42aed3287db54c3ce8a61fa09b52e1,7.00,1,0,1,0,0,0,0.00,0.00
100488574,0xa3f6192745f98f78879b0aae550372ee0f1b4444,0x697c7df86458ac9ff5df7633b47021e30af49b3e1c59f67c3ad99befdc40720a,7.00,1,0,1,0,0,0,0.00,0.00
100328395,0xec58ef20733e410d601cab08e5adc769424f4444,0x9cde8cc2865fa65b2519097f894ffdf16882fd4304a5eddb252382f6a957970b,92.00,2,0,4,0,3,0,0.00,1.00
100492222,0x4900cd0a3d18374bb7c776a71b7fb24271074444,0x9b800fffc84fade7f6c182edda6be53f9f8691568089906ad7a72be9e136a447,7.00,4,1,2,1,0,0,8.00,0.00
100496731,0xfb7b26072f286406cf2d0b5065a7d91e67b94444,0x9e4e583102c690e5550d1fb77c58b9321947dd909a7e09cb33f4c9fe9b11c6d7,7.00,38,0,1,0,0,0,0.00,0.00
100497203,0xaa8ba2b3904efd96b63582e98845f8f03a494444,0x18f881a966b4b03f60b70e64ae3ea14a5fb9b9266b0e7e8a12d9acec2b2073ff,92.00,2,0,2,0,1,0,0.00,92.00
100497203,0xaa8ba2b3904efd96b63582e98845f8f03a494444,0x07425626136528e6b54f390b44e1445d947f1b79579999905161077eb647a976,92.00,77,1,2,1,0,0,92.00,0.00
100501186,0x477d7dcabab243efd65c7851294a412b7e6a4444,0x970763a9690fd4a61c747f866f658ea26cb2e570db83decfc9912cae5d3ef748,7.00,1,0,2,0,1,0,0.00,0.05
100497486,0x9d601dae218b319899983337a6bd3780bfb84444,0xcc9f3b3b7b85d3355e742051d4aa1557f2eb5fa304f211549e5b6076604e35bd,92.00,2,0,7,0,6,0,0.00,3.00
100534500,0x36350bc624d09357f0f38cecc162fac4bca84444,0x1f6effbdafed9dcaf57a77ed10cf52a924266a713df27d47b0963d936cb68767,92.00,2,0,1,0,0,0,0.00,0.00
100522043,0x6657adbcaa70f579a46a13dbab7961695e434444,0xaa3e45adf6103f17739116e7a68f238f1f40d282d4b47efad4628b7f032b1d37,7.00,1,0,1,0,0,0,0.00,0.00
100519860,0xbd0be2e16948f7af29c7c048ae818cc271e54444,0x7116b1f6fafebbff1c4dfa9f72d0e380961e93c74591b3c43ff15cc33cb8d0bc,92.00,75,1,2,1,0,0,3.00,0.00
100519974,0x1c2ee8a2ed2be3bbbb36935fb1049fa849e34444,0x807624d916edad44edcfc7b2f31ff8f930f3f46ad45194de7c0d5a6e1347b97b,92.00,2,0,3,0,2,0,0.00,15.00
100539802,0x0924a9743909aa6de5b2347191825f8f9c764444,0x5374d2fb9f56715f043d0e0ad38f5ba52d1258f6261e6b083023dbdc4e27992d,92.00,2,0,5,0,4,0,0.00,1.20
100538865,0xca63471f4393e5e9d5ed709c5499407767164444,0xc7985fa2fba1caa1ccf752d6c48fb7904c7db353935436e97299c84d6ae57305,7.00,1,0,1,0,0,0,0.00,0.00
100544099,0x6bdfb4ae8b60bea441977d7a0bed55d4966e4444,0xae83e13c742218ab661fc4c1a61b9936df5ecb8976b9bfcb60fa49a8a4a5fe28,92.00,2,0,3,0,2,0,0.00,75.00
100544080,0x9063af25aefbba7ac8d33e2c39ae8e6674bf4444,0x2d350aa108697cb765931afec7266fb1d2796474aa233548a2f6b26416c1d182,92.00,2,0,2,0,1,0,0.00,10.00
100535922,0xd5ffda00a91425a947011d60b96a4ed830144444,0x10ae17198ae1c5a57be7f1cf84035e04680caf83afe0d429de6ad1c8e408b0a0,92.00,2,0,1,0,0,0,0.00,0.00
100536560,0xd5ffda00a91425a947011d60b96a4ed830144444,0x67e9864a599569c5b7232b7c08c0458820add259292a3e2491b574a77043dfe4,7.00,1,0,3,0,2,0,0.00,0.12
100544686,0xbef5dd01ef8a7d5fa4b8d09cf1379115909a4444,0x2d53cba1d995e73ed85e92d78656e068e29a62ae6512a0f31d281afbc7f02bda,7.00,1,0,1,0,0,0,0.00,0.00
100548106,0xff7d8d368d049b90ad7d05b8f2d0754f89544444,0x56b2e7c52ca1b9a8af8b65554e63bb43fa0625d49d25f87c2ff3fb2e52d72af5,7.00,81,0,1,0,0,0,0.00,0.00
100710183,0xf524e6ffaefac2a36d37f854d8b06e1750864444,0xf6688bafb20eccb81d46d3bec801dff8106914f79970ac398cc42cae9dabdc69,7.00,77,0,1,0,0,0,0.00,0.00
100565805,0x2b6e3d7141efba79b0856e911c7aed001e744444,0x0fce647478e9f30f850fff7ed53a170abb1b86593a789009e58fe55963dc6680,7.00,1,0,1,0,0,0,0.00,0.00
100672100,0xeb42bbb7e5f813b980c8658501905292e6a34444,0xd6a442f0283491270ad4fd4f9ce09b624a3f22279ce325ae435e814871a7981b,7.00,1,0,2,0,1,0,0.00,0.12
100565854,0x1dd172d6d41722c825d23e04dbf91dc56bcd4444,0x10be3035aaa471ece625a13f52abb20679ab26b006f9a71c255da24c1d3e6037,7.00,1,0,8,0,7,0,0.00,4.00
100680956,0x69650136a0be168403f27a21f12d1c529a964444,0xa225d96687310c476f8f84e04ba736d2eb70eb9a0f4e0f06da87cbd7de44df6f,7.00,3,0,1,0,0,0,0.00,0.00
100702911,0x41ae12f0f0e3eed778839e6c12d039630e5b4444,0x706e664411388d93b8b47e79cc7803d87acaae4d3c1b8bd4bfd4af83ebaf2c0d,7.00,54,0,1,0,0,0,0.00,0.00
100711860,0xf3795b94eeda4485bb7e735ac46a8b9e7ecd4444,0xff33593fb85bb2eef15fdc370be517421b3e6cb9979974308c7d8e39809a5df8,92.00,2,0,5,0,4,0,0.00,10.00
100552719,0x1fef3213079e6911d415d6c20cc9e63077824444,0xc08f7e13e67f5ce359eb792b09d5eb7f1471e0410d32519ea517671b32ed353d,7.00,2,0,1,0,0,0,0.00,0.00
100725544,0x6dabc6b5f07c7fdadbfbd4d64258937f07474444,0xa619eee7e8f2606abb92818b5f80c839466953a7d97a455371a18b39354824d5,7.00,14,0,1,0,0,0,0.00,0.00
100743489,0xdeb8d1acb2b398012eb797a2b7fa989e78dc4444,0x854d4a472e67ae73d11e6bb8e67cc73886d21cfa22dbb71bcd71791ead840545,7.00,1,0,1,0,0,0,0.00,0.00
100747638,0x4c714cc03cca688c529b674b7977727033634444,0xb30c9bb68dd6fbe4fa13314de25ff3b0b45353e65307d195912765e481314860,7.00,3,0,2,0,1,1,0.00,0.05
100747914,0x4c714cc03cca688c529b674b7977727033634444,0x82343a165db52bcdb113ab629417277dfc6fd1389c783f58afdef33a51bc9cb8,7.00,1,0,1,0,0,0,0.00,0.00
100714077,0x913ade03297c8d43e11eb86a7b82c333ae534444,0xf71bc829310ec6af748db3dc959d00b1ba4d13da6b35b4a4db2349e082ffa1bf,7.00,82,0,1,0,0,0,0.00,0.00
100712265,0xb64157874c2648101733e335e9d1af85073f4444,0xf77bd1e262524376e2a789a26c06a4e389b78c555c1940da4e74c52d976475f6,7.00,1,0,7,0,6,0,0.00,77.00
100865539,0x45d89b2f5ef959a1bff96668b9ccce1e13ff4444,0xa8f599857b7a8c8c154d6366a9de017b797c70627220b3e6a55ebe9eb3df0c5d,92.00,33,2,18,2,15,0,555.00,200.00
100865543,0x11a6659ce99d6a0d5868af8fccf24fed951a4444,0x66ab9911761c5a72cc09c0eae912d5981468f343febc580ee9cfdcc95e31fbe6,92.00,2,0,13,0,12,0,0.00,6.00
100895146,0xfa88628a8669221db80bae8e971c33c8428a4444,0xbfc40287ade14177f81ce99211c8b20a8a85b0441d895717d28d3a0900c1eddf,7.00,1,0,1,0,0,0,0.00,0.00
100889971,0x5580699aae8db08a9a5a81378242369446c34444,0xcde514ad5f7c2323b14dd5d216ac8a7304dd16394b00d79a7a6621ef38f747b4,7.00,1,0,2,0,1,0,0.00,0.05
100896813,0x2ecf5bf265761f7befb3706660cb593aec174444,0x6e6ec6940cb3e2b646b641b30b55aa2e3c66b54d87d7189cf38de05eb9552390,7.00,1,0,2,0,1,0,0.00,0.05
100865544,0x11a6659ce99d6a0d5868af8fccf24fed951a4444,0xc61f2ad3c5104f5955f7b3a9712628d7bf4a9f3cd86c403886da1f6287d59272,92.00,2,0,14,0,13,0,0.00,66.00
100919264,0x62428e79b491922e06e91e80e6fa25987b794444,0xb7cc7ac390fce9fc6a48681b8a561fb0654d69507c6c920689cfbd87a40e83ec,92.00,2,0,1,0,0,0,0.00,0.00
100924545,0xf5af1b9eb91cbdfb3250cf3d096f1af874ef4444,0x662eeb06cbcb7317789faa5063364129196ccb10b8e7873dafa409d40dd35715,92.00,2,0,1,0,0,0,0.00,0.00
100865545,0x11a6659ce99d6a0d5868af8fccf24fed951a4444,0xe1174df80ad0b97ca23fe3b4dca8e1d853cc55632e827801f09deba975fec200,92.00,2,0,8,0,7,0,0.00,10.00
100927122,0x609c94d77e96e3bf175d80131e0f908db8484444,0x50525238a9ebdbfb2fa47b1706425c6bab09c03802bbca220b07cc3e8e639b50,92.00,2,0,1,0,0,0,0.00,0.00
100865552,0x2cf824a88af3f88bd4198fa10c5d6f5c44494444,0xd2d08f1b521fe3186408f2abbdc3d26bc6674c7e2055e1d01bf0fc39a5dbe8f7,92.00,5,3,26,3,22,0,102.00,12.00
100929837,0x8717dcc0c0c8506c156188a9569aa880390c4444,0xebb62aad373e5312dfe3c63513f47e636998a80d5222d93189b007c1aa4c228d,92.00,2,0,1,0,0,0,0.00,0.00
100936325,0xdacfd90679ec2930e1993d6db1d974b2fcc14444,0xa31f4f168440dcbd9529ed15e1b7029af21878555758b39381e5baf7c769d2b8,7.00,0,0,2,0,1,0,0.00,0.12
100943369,0x30161b243358eb63d75171870e3fb53a36764444,0xdc66f904da1b440c675b30ecda187f21833bb1d1efa0d3ad6c5f00c50efda085,92.00,2,0,1,0,0,0,0.00,0.00
100927892,0x6281ba9fec774fa0f107839aacddc65b10314444,0xca98e417e90522b2788fbe135a4df95266ea45493f7f6413c0d726dbb7a6b023,7.00,1,0,3,0,2,0,0.00,0.15
101038816,0x45229ed2b4d93dc1d960ede973bc9ad1828d4444,0x2f6b262e66e6148faa79af51c8a62a983a3188cccb266e8b51f1567fd9682bdd,1200.00,2,0,1,0,0,0,0.00,0.00
100938674,0x58c4d33a068ad982c3642ce9f9dacce4a0f94444,0xf505e8ad19f54fc5ec54b9bffe9cd898bea149b0da32e85cd55669c7197e8840,7.00,1,0,1,0,0,0,0.00,0.00
101038870,0x1b29d7def95094b3eda7813a48a6348999504444,0x988a480026fef6ca3b5412d9760de1dfe3eb8399ece987909de26bcd53db4a27,7.00,2,1,3,1,1,0,11.00,0.12
101042849,0xb15c87115ad5ba15add8a0c089fe1fdd38fb4444,0x5d0168c9b0149271d6085a4875553ed0aa1b4153fa8e15e0feb849fbdccce426,7.00,1,0,3,0,2,0,0.00,2.00
101042507,0xe42fe2c48cd9fbcba20f12c75518a7cf1a734444,0x01846578610f2eb496c6c9e004fc53735cab9a20545dd2770b83c47f6ec286da,7.00,10,0,1,0,0,0,0.00,0.00
101047606,0x39faef60fbfadd8758b9b90f6a1d9180d4fc4444,0xc70f807c8190d290ad0223a4efbaa5d93d82ba690fbb736d237afe24f5934804,92.00,2,0,1,0,0,0,0.00,0.00
101078733,0xc67e1eae2751ae5dfc0dd71dc7d77842402b4444,0x41dafd1c79be29198acbae74f941cb519abbc9008aa44dcbbfc6fdf57033eb4e,7.00,1,0,2,0,1,0,0.00,0.12
101062890,0x010349a351480b31ec8c4e6a8b7fc9facb8a4444,0x1d6ee62841b6a3c73ffde33a4135f57cf8be54fbdf4a65968168eba024061f89,92.00,2,0,3,0,2,0,0.00,0.12
101072762,0x0fccf331dad1902238a26d6350ba762fd3064444,0xdbdc9e235759306a3f643e5428784d61915dda6895730c2a09194ed9528a92ac,92.00,2,0,7,0,6,0,0.00,44.00
101093231,0x79b068920124be6beb3c1256a76d25d84b1c4444,0x6c911f75503da59711d3655aefa4291c0dcac4a5e34bf5aac75d830b3d794514,7.00,1,0,1,0,0,0,0.00,0.00
101119654,0xf0b1c4adc409ca1a0671d38b268622985e014444,0xf444daf71d6544de0a9a47385e30be148b195ee53e550ffd4ada277cb4e4cb0e,92.00,2,0,1,0,0,0,0.00,0.00
101086733,0x5ec895c3ad36e883d17fe1c1d8c596d201834444,0x7134e8435ac0989c0c98bf8bdd2469bcaf8964e8b0e4a8c7527ce704203d12ee,92.00,2,0,1,0,0,0,0.00,0.00
101234686,0x2108911f79096798c1ea576765534c6acf334444,0xecdf7f97e5543156d095728ade7bd04aa9defcfa87535142ad885e787e729e7e,7.00,1,0,1,0,0,0,0.00,0.00
101119751,0xd8107cbe3ee55abd6a80614e5ee3530489934444,0x2567e1d8248b788f230f7d2382c6c8f14d98f828facd18028ee72fc913252043,7.00,2,0,7,0,6,0,0.00,1.00
101119733,0xd8107cbe3ee55abd6a80614e5ee3530489934444,0x2982f7d16fad7f6c4dafc2b70711730a8195627bde3aff1613faed326b566dee,92.00,2,0,5,0,4,0,0.00,0.12
101120792,0xfa7c61eef5432395e2ceebeda5e845b1a7c14444,0xc21c56735c274e83354bcb3e5e8cd74db5d29523a30743e0d231dea9980436dc,92.00,137,6,7,6,0,0,92.00,0.00
101126520,0x2390ac827201388d439327e2c55f754b505c4444,0xea59ac92a787f14765cc325ce4db1522916e23a4e9ab6fd035aa19d30d846910,7.00,1,0,2,0,1,0,0.00,0.12
101120792,0xfa7c61eef5432395e2ceebeda5e845b1a7c14444,0xcf9a7cfc89e9f654967f30c9c9e32efd96bc763a53ff67a883bffa61367eb69c,92.00,2,0,7,0,6,0,0.00,92.00
101234984,0x9938c7c81f5d3e16412b01d1c5a37c0be2d14444,0xb333dac31ca8074a0fcd34360a0b128e588b2d0a663fe72ea3b8554c833f5f7f,7.00,1,0,1,0,0,0,0.00,0.00
101238734,0xa3bcbffc862e138da0195812c0f3c17857544444,0x8b7bf8d78b9c71ceea43dd483422c30744d31345166124b6052552b88c8980cb,7.00,14,2,3,2,0,0,11.00,0.00
101242327,0x0a9435064ce6622d628b3f091b2b08622c374444,0x9d23a2ef0e8a9531b7aaa7757e4a90aea158f9db4f299c93ba9620cce6c10712,92.00,2,0,2,0,1,0,0.00,0.12
101243146,0x3e7b9db09727c803484c5fe3898b71fcd5484444,0x032a8b8edbfafe491ba6f9a84828f9d7c95b2a48c2691c176c239c249d026644,7.00,1,0,1,0,0,0,0.00,0.00
101244102,0x5ad3c91e09e9272b7fb04c016b4f602380af4444,0x3e247dd6aa7988f31eb2c5cebe97662686b364f835515fabc01bc7160393ea35,7.00,1,0,2,0,1,0,0.00,0.10
101258331,0x4785f1d74501faa6092c491a468b9e0186f64444,0xb1f0e0672d1c9e893c393eb731a9f93677c1059a0110df5e4b10c1bcb8d8ad85,7.00,77,0,1,0,0,0,0.00,0.00
101242380,0x7a6233b57d64e23f6be675eba6e7ba9910984444,0xd058409d57375cdb4e1ce71bfe025e5b2d869cfc4395c0556029be06a73ef1b5,7.00,1,0,1,0,0,0,0.00,0.00
101292009,0xdec5b13fbbe7239c96ba18b9160b774ea5374444,0xd3e46de71b569be2fb540341344b61e082b4b21d8c859dda8fd88036e421ff8d,7.00,1,0,8,0,7,0,0.00,166.00
101300214,0xdec5b13fbbe7239c96ba18b9160b774ea5374444,0xb0021d144025dcd58645dcb05a98df9238c61122dde24ccfabadbe4beb85e996,7.00,5,0,1,0,0,0,0.00,0.00
101258377,0x4785f1d74501faa6092c491a468b9e0186f64444,0xfee595e9e81f8e04c8356f42ddf580e0b7cae6e7c312c7b316b25abcff25240e,92.00,2,0,3,0,2,0,0.00,0.12
101298312,0x75888d55564608f3fadaaf0d901f7eeafa204444,0x9712c8270b3b32e825f3af8b80dc7fe6d1269bf51f6cf1a824f94065ea5018bf,7.00,5,0,1,0,0,0,0.00,0.00
101320845,0x102b2b0cc3e7caf21d1ab55c30ccfab54d8a4444,0x8b5bd9c1e32a0662037fdc6790f95c10094f69252aedfe70a7b1e68d4022ff7a,92.00,2,0,1,0,0,0,0.00,0.00
101326448,0x5a34f859f5026e200177384b3b1efa596fc94444,0x279451c6c6c9a882e6c751914b06bf5d10135304f9be716b5998056600317233,7.00,1,0,2,0,1,0,0.00,0.12
101302560,0x0f31284efd9668dcda20067aeac9652e11cf4444,0x76ad5b77103f49cfdf6f774939b2f8f42c2634cc3e6376af87b18a94a42af7cd,92.00,2,0,1,0,0,0,0.00,0.00
101414612,0x1d9c4355ae6c5cb675d28a7e00c93d0c3cc84444,0x19af0d697fe7b3ecf1ea5672fc33e6c9d9d2171441f034b0e600d1db434bd593,7.00,1,0,1,0,0,0,0.00,0.00
101317298,0x9bbef9075cb1af7f25c984c4ef6558c09faa4444,0xf557f63fa556d298ba46b8ac71e30d5365ee55640e3e619efcbbfa2a3f2d03fc,92.00,2,0,6,0,5,0,0.00,5.00
101417665,0xcb72d3f665e613cdfc01354b02fbcbe8a5804444,0x09bb1488d4a4a18bd06c5f5951049d14744367ea1179518911f4867a24b8e950,92.00,3,0,4,0,3,0,0.00,5.00
101418652,0x55adae909f52b1c7baf9a51352f2545705074444,0xf173dac82527cf1fe253c6d3240ab975dd18bfca689fb83c990aefc563d365e5,92.00,2,0,3,0,2,0,0.00,0.12
101420243,0x464ab76243167dbe46ae712337a6b00d47ae4444,0x27e14d2ae4097acc1f423f0a32a670b45d1bc17812661d146c42b6fb6380378b,92.00,2,0,2,0,1,0,0.00,0.10
101442917,0xc24b4e5abc04c43434a7abd248a32ba508f74444,0x5ef48ae0d801979d38a28988a2f3210fbea8d34d047ce617d0b3b14554ed9433,7.00,1,0,3,0,2,0,0.00,0.12
101421036,0xa459d6a1e04a2e4df9fd6bd6cd04da9f24ee4444,0xe10dc1344b687901c955539bc76433b388499ba99de13a4ad42e0847d57afc6b,7.00,1,0,4,0,3,0,0.00,2.00
101453301,0xef3817bb6a16caf104f6a3673c773114c3fc4444,0x1263375de0443e354cfe1f141035cb3d976e0fc74d84e6f9c37e2fd1494cacb8,92.00,19,1,2,1,0,0,9.00,0.00
101488574,0x24fa90aebfc85945ad0e605b0f00480736374444,0xa982bdd9ec22d0328ec3cf7ebb136ac85c9370e34270f7620105939861702e3b,7.00,1,0,1,0,0,0,0.00,0.00
101478654,0x8acfa2c2ab86954a848a1d555a65ab2df4b24444,0xbaefca88782659dfa0ce10f526c8329443b8ed2e65cc7ea71e64e8e1b2672361,92.00,2,0,3,0,2,0,0.00,89.00
101446415,0xd2f7a9d119014778bde709437fbf2faad3664444,0xd9af25b1e500a43968b5d5a5c037ab9969f13368f1f576b6192689c6c097d5a1,92.00,2,0,7,0,6,0,0.00,101.00
101462891,0xb9f208732179c139bd671eb4627dbb5f19b94444,0xfc1c9b4fb84a5b6837d92d9db188b8fae50c945218a35a6ebb21c69dd1778c9c,92.00,2,0,3,0,2,0,0.00,0.12
101502630,0xdd16da76f7030ae615b56c40caa1d8dfc7e24444,0x35eff6068a2009479646ea0539cfab47392a15069ee37cdb8b8d9f1499a3bcc8,7.00,9,0,1,0,0,0,0.00,0.00
101524641,0xc56df9456cebefb33f9d18a952edbfaad2f94444,0x5700ed757988baa1224492f9537e66209c05b159dda23fb6401c304affd9f314,7.00,2,1,3,1,1,0,7.00,0.05
101525381,0x6cdfce69ed643771c3bdea8f952d6cc350c74444,0x7f0d45ed925bf1422e2cbe4d0db5708badad9a9b2192ccbc9e78ef7f2a104fc4,92.00,2,0,3,0,2,0,0.00,0.12
101525383,0x6cdfce69ed643771c3bdea8f952d6cc350c74444,0x5df6f2c07cef4701238c87fff27a8cfc72f6db94d2fd144d34b36029210f5d0b,92.00,2,0,2,0,1,0,0.00,0.50
101528765,0x79fa6e532e578c36fffa9b7cc2b761e5fd744444,0xd58a86fa72b78a85a2b8ab13b205018bd2efe41c333f13efcf3b6527de3fb9fb,7.00,1,0,2,0,1,0,0.00,0.12
101532521,0x38b6d3dcd9b9f9acc6b83c8503627557a9ac4444,0x83c2f3b1b88dbd638567b6c91858cc635f92d701c15cee93b1f84968cb8eed43,92.00,75,1,7,1,5,0,0.10,0.10
101604739,0xee0827addfe750afd2cbe7a14a23448cac224444,0x0a216ef42fa3b0985bbbdfaf7fc132b712ff4aa626ed16a2db79e4c49ce6258e,92.00,2,0,1,0,0,0,0.00,0.00
101532522,0x38b6d3dcd9b9f9acc6b83c8503627557a9ac4444,0x86641f0d779e778952fbdd225b66b519da47a4da02ebc8afac6c33df05080ee5,92.00,4,1,10,1,8,0,240.00,52.00
101615646,0x6432d61911c8daa0d04a3094e7cf0f494f6b4444,0xdcfca6006025885dcaf211ab65e368c189702de75badffe5c664bf4b00e98631,92.00,2,0,3,0,2,0,0.00,0.12
101532524,0x38b6d3dcd9b9f9acc6b83c8503627557a9ac4444,0x2062ebb00abe2d4febebe5694f11ad88fc2ebdbeb14be37977da9ad66b9a1f5f,92.00,2,0,6,0,5,0,0.00,0.50
101605058,0x7f430b376be04a383cc32ad31bd3b5a037824444,0x42a07bbb7a8926ea8571b8fad6959399ba758735d66f20af6b4c32d9ed273d12,7.00,59,1,2,1,0,0,0.12,0.00
101636039,0xedead7eb50143bb2890dffe9ef0ea5584e374444,0x1ae3111851bf98c68118b12b861a1abb4e71e9e75e6eb5f02d0587d86cf70a79,7.00,1,0,1,0,0,0,0.00,0.00
101622330,0x9a207604f823902b5b7c7c212c2e4f9da6d54444,0xe85ba0a8ca0d666b21d9e52fc4b4f987aa97aab31006a17afcc76c232f4c89fb,7.00,106,2,3,2,0,0,7.00,0.00
101624119,0x6443c862b332f3ef2d9279317db4ecdb6ebf4444,0xc75d6f94f1460ecbdb5bb42ebbd6e0589ae76728e49116cd09ad9b55225ddbe8,7.00,1,0,9,0,8,0,0.00,88.00
101637934,0x241d786b4548163e2bd8ef5be097fb7728e94444,0xf7e496907241ef6b1efff15076e6a05529476a4d046d3eb1579c0aab46b85d48,92.00,2,0,1,0,0,0,0.00,0.00
101647740,0xa2f9f91809b45c72ad9a92fb077ff7414b734444,0x9f6fcc0c9cd9685c863c75cfe0e94f344773547f312fb5268b62b0841b3c40ee,7.00,4,0,4,0,3,0,0.00,1.00
101644332,0x24df114c0360a4c4bbed7616530b90c126cc4444,0xb62a064a8e82ecc9045277ba4b71beddf805b597a266cc9de63a1b74e88cee68,7.00,75,0,1,0,0,0,0.00,0.00
101666145,0xa5ed9080fd55a8c1602208bea12ecafa735b4444,0xdfe5d3d8ba945d0e1355f97c6895e7ceb0a947ced4264a2606fd658813006311,92.00,2,0,1,0,0,0,0.00,0.00
101658684,0x8161f83e27bb01a07b58aca8944961d4aff34444,0x2e33006d6a762d12de7723ed0ce93bf812e490b19ccfb821766455ae9a73fa62,7.00,1,0,4,0,3,0,0.00,11.00
101666127,0xa5ed9080fd55a8c1602208bea12ecafa735b4444,0x1d8c3da2a493663fe10db30d61cdea15026c016bed2a9b9932afa73b7a82caaf,92.00,2,0,3,0,2,0,0.00,0.12
101648065,0xa2f9f91809b45c72ad9a92fb077ff7414b734444,0x44a3b1ddea5e43a67622430258662465dece9062bd97201ab36eed283de02bdc,7.00,1,0,12,0,11,0,0.00,135.00
101661465,0xe3fb6fc4c0d4c805ebd883d5b7ff5d182842ffff,0x37940c14726cb5f502c1ba7b94c88cea336166aa00a8188ca9bbde41c6d2fde6,92.00,124,2,3,2,0,0,5.00,0.00
101666146,0xa5ed9080fd55a8c1602208bea12ecafa735b4444,0x7017e699b3f92c9b191861d9ab46fc4cef74232e25a43049fc3753222c1f46dd,92.00,2,0,8,0,7,0,0.00,10.00
101666226,0x01208aa8d51b6a35ec2087fd9f2d56e79ed04444,0x786fa95ee423b6b72ca74bde86066cc8e300223339446c8bc1b9bf6497923a28,92.00,6,1,6,1,4,0,5.00,0.12
101666259,0x14c0dafdee285025e9b0dcdd878563f92a9d4444,0x863ac34fd66977efc43156c1dea90fde76bfa6a0b646aa120742a3a057129bd5,92.00,2,0,4,0,3,0,0.00,0.50
101666227,0x01208aa8d51b6a35ec2087fd9f2d56e79ed04444,0x11133f4ad8b85b43c77db527bd76fab510ecc3e85ee83e82b147238e5045031b,92.00,155,6,13,6,6,0,10.00,52.00
101666166,0xf149c6e04425fcb56d29c4839b682b16b6d74444,0x2a7f7eeb9b126a467be0d438ec3303e1c3b1679de5c550af63e6c3fadb26953d,92.00,2,0,6,0,5,0,0.00,8.00
101668145,0xe56245b14ab347d12dddb143c23f4c118af54444,0xe11212333139c1ba768f21af3e663061ec3d0631ba5efe9daee605cadc5a4c28,92.00,2,0,7,0,6,0,0.00,0.50
101668089,0x83427d663301e8618a9dbcf00186f891dfdb4444,0x05df9889eb4f5f739b5aec2221fe2511de704927768afeeebc1d2acbc31a834d,92.00,2,0,7,0,6,0,0.00,0.12
101668221,0x3be66d3b7b68b4b4190b4b4f137dce2dc62c4444,0x5265d70f002215143c42fd1b2b4d7815d8bd3b48b65a1da7a984a6319d0dbbd0,92.00,2,0,2,0,1,0,0.00,15.00
101668239,0x3be66d3b7b68b4b4190b4b4f137dce2dc62c4444,0x8006127fe5d48beab4e44e73defcb5c421bd70aaa0ab081808eb41c92a0426d8,7.00,1,0,20,0,19,0,0.00,123.00
101668856,0x41551aef9656cba2a428fa4b82723ee8fc714444,0x6af97048d680116f2dedd32d862a844f98939612b9e49cd387c97db3050960d2,7.00,4,0,4,0,3,0,0.00,7.30
101671304,0x27d95043211c0e25e33cb52cc2693c5e205c4444,0x2f686dbfc55e0d7b3ebc04feee58cc3b3811d92b93a36feaae3b0bd1a07457ec,92.00,4,1,14,1,12,0,100.00,20.00
101670688,0xae3f11268c5c54e412147dac4e4808310ccf4444,0x05ad4bb7ce5f83a7a085bd3f029514cfb4bc323c03316529785f80e295bfb7c5,92.00,2,0,2,0,1,0,0.00,0.12
101671297,0xb4a77023d37ef14b4c0fec6c71f749340a834444,0xd184f8baa3b903c2eaf67c482e05b83842d142f1a40812ba59f2c578d18f80fd,92.00,98,2,5,2,2,0,0.12,15.00
101671305,0x27d95043211c0e25e33cb52cc2693c5e205c4444,0xa197bcd25004b4916317edbcc9297801f78d09fdf3703112e580d38563d8018a,92.00,4,1,9,1,7,0,135.00,10.00
101671460,0x0e2106d46f2493cb807a2ac6f2373730d5b34444,0x33b35a35bc944f1d5f756e5797ad3a886b35da5cdcb547423dedf3fbc2e1c5a0,7.00,1,0,4,0,3,0,0.00,0.12
101672545,0xf8cb0a06c0f6aeb6d9d04bb5bdba38aed95a4444,0x7712d1f122bad3bb1140729d4410d17369148cbb844538961f5ed8d0b39a1094,7.00,102,3,4,3,0,0,5.00,0.00
101678848,0xbf119d03e1123f0538354f23a21e31d469454444,0xd152848960434fd5118e58f98fd56edbe6f917811cb87382d93c08e505a8b203,92.00,2,0,9,0,8,0,0.00,6.00
101679251,0xba04557057f6352883312215cebf47012eda4444,0x95da8fead6c0c29199e37ce9745a664d860b70e6d9720e63d0d3966c0ec3c7b3,7.00,1,0,2,0,1,0,0.00,0.10
101684715,0xae3f11268c5c54e412147dac4e4808310ccf4444,0x9f39bac8e8e5f6ab33843a13a64890e61108478680f3d134cac1cdb5de19cf07,92.00,4,1,4,1,2,0,202.00,0.12
101808313,0xcde107d8a9fa36de697ac643a68e4ff3a6674444,0x9d18144f083f83e6c1e7ab0a39d77726129b94585a342dc12e7bd7a6c73a5946,92.00,3,0,3,0,2,0,0.00,0.12
101694503,0x11893d0034b48d4205dd162be957d6cd5d694444,0x136fa8a940c31c7bef6f8614b32d79d1249cefcb707b391f23ed3092254897f4,92.00,2,0,3,0,2,0,0.00,0.15
101810024,0x84a0a381b8beeb6e7cda192956f6f30028484444,0x55ac75c5d5d0b542c87f612880a8443fecec103ade32dbff0fea7893feaf073b,92.00,2,0,1,0,0,0,0.00,0.00
101810070,0x6749af73f0e2ff07c117cc43cf7194682bdf4444,0x860a7d0e4d4ba6564eb25c832ab098d4c9b33f73a6030a37afe7060dcd2869f4,92.00,2,0,3,0,2,0,0.00,0.12
101809699,0xfc7fdfe4f7fee5149ad1526f7807d624dd5a4444,0x0a500635495ac0b3d0d96fca3db4c677a1446ec54158f4067ead8b810648695f,5.10,1,0,2,0,1,0,0.00,0.12
101697305,0x23d79375de3c3630cec07bfe67d595dea0204444,0xaf994385274e9b59775423d741c2bece0da5ab71e02b7bbc989842e98ac6a645,92.00,2,0,7,0,6,0,0.00,10.00
101814280,0x0ea371278ec03b388dc9149fa609f072906e4444,0x6cbfeebaf91685f3bc83118c5b941c37f1fca7b9e207b0736e74549d804d182e,5.10,1,0,1,0,0,0,0.00,0.00
101816361,0xf59e6e63c3a2494b7c5ec51b530a7c463e214444,0xddfd3eba76a97ed259ca68842c2c21b384a44619e0f741bc243ef901e0585dd1,92.00,66,9,14,9,4,0,135.00,92.00
101816361,0xf59e6e63c3a2494b7c5ec51b530a7c463e214444,0xe71a6a73e387b9faf3504dc837548c4d529a12f8089949274d5d78cd2b27e07b,92.00,96,13,14,13,0,0,135.00,0.00
101824512,0xb9d381338dfd24b4ab078b808a41defd8dc24444,0xc9297cc09a0e59ec0f6f695e6ff044f030e80105d31d0f302d7df98c920973ea,5.10,1,0,2,0,1,0,0.00,0.12
101821745,0x41a289d7f99afdb434cc5aee912f9d29c1054444,0x9fa3337ad7a230e1a36191d88c1d1c3aacda6832d8fdfbe46224172df0b8dc46,5.10,1,0,3,0,2,0,0.00,0.12
101824614,0xabc71e4bdf735b3779ac3fc7a925f39a38b64444,0x736df35076f6dd94c84ea012e5bb057e201ac947def822068c8c77a8cf6f1a7d,5.10,4,0,1,0,0,0,0.00,0.00
101844614,0x9f8a691206bab655eec41057a41c1ffe209f4444,0x41befe4a8937702efbdeb59ad2a88f5547d5bd799368ec7a6294f3c0604ab5fe,92.00,2,0,2,0,1,0,0.00,0.06
101845744,0xa84f49e3b8dafa739498e849a60d51f7f58e4444,0x27efc513a587b7b3d3364bde9d7ae858a23d3ca2724b2d8f901d148f79007fbd,92.00,113,3,4,3,0,0,1.18,0.00
101847537,0x915241daf32d3a21e50596502c226cf414f54444,0xa61fdc7f71b4813be44796e30c64da6c3addc39ba4708d020ac000346fce0ca2,5.10,30,2,3,2,0,0,0.12,0.00
101837922,0x2007ea56fb74c13d5b5aee20b5fc1281f4d14444,0xf663fa23e44e8cb06e2efd1f848a7a0a516caa38ff5b51f8d55dc1a4fd4d6165,5.10,1,0,3,0,2,0,0.00,0.12
101853686,0xa7686ad448546482929c13febc5b1281fee24444,0x41fac98341b5bcf1aeec86f861f1f796dbc7bbe2354ae7fbef829b9831da72c9,92.00,2,0,1,0,0,0,0.00,0.00
101881549,0x2d78a9e326c5fa5a702f6364932556b407d64444,0xb99fae913bfa16d72d7169b1650a880f8544542080e74af10c0631e285654076,5.10,47,0,1,0,0,0,0.00,0.00
101886916,0x89d0a596b2165bf8be7e8fc077b5c8d5ec194444,0xfe7e87f1dc6020f2271cffdaa4b8075365dd5fa04926879bf13e34002fe22db8,92.00,2,0,1,0,0,0,0.00,0.00
101888758,0xeecf2608008c635485767fbb6fc0712e948a4444,0x629c9095d28bbcbcabc2758d370528bf8ce18f117874cb6334e0b53b529ab5a6,92.00,63,0,1,0,0,0,0.00,0.00
101902589,0x498fc808c9d3502eac001f5b1675c4d2f2114444,0x66c7978fdbda02546f4ec1a76ba618b6dfe62ae92f95b9ce4809273569aaa976,5.10,1,0,1,0,0,0,0.00,0.00
101886346,0x34d0ad4403492557e5a8771376af150898e84444,0x3977635b0125788c933cba9a9aba257a0ece1b7ebf796bec9a63364ce00c26fa,5.10,1,0,1,0,0,0,0.00,0.00
101990907,0x1f5b654a21b9b42b5f41d9db790181227fbb4444,0x985fbd0257e8edebbf96b83ce6385bf7eb663110dc622fb8c4ab66fcf28e9284,5.10,1,0,2,0,1,0,0.00,0.06
101991108,0x1f5b654a21b9b42b5f41d9db790181227fbb4444,0x280bbe87e2e56166028b9570e37d2719a73bd970c16dcd50784ae2882aeced66,5.10,1,0,3,0,2,0,0.00,5.10
101991108,0x1f5b654a21b9b42b5f41d9db790181227fbb4444,0x937c22cdeaae28c36bff5798ced7b424029021bb4e4dfb80b284f2cb27265989,5.10,97,2,3,2,0,0,5.10,0.00
101991152,0x1f5b654a21b9b42b5f41d9db790181227fbb4444,0x55f911809772895451ec73794e1a9b32fe10989f12f03d588f762f24da545a3b,5.10,20,2,3,2,0,0,5.10,0.00
101991151,0x1f5b654a21b9b42b5f41d9db790181227fbb4444,0x36acebc983e2f84daed4b0fbb59dfe5f573bfc277cc68e344057b6bfd28c828a,5.10,79,1,2,1,0,0,0.12,0.00
101991152,0x1f5b654a21b9b42b5f41d9db790181227fbb4444,0x56b33389fe9e581887ed84e50d4c6c080376137e7cd0c6f6e94c81d4832f1218,5.10,3,1,3,1,1,0,3.20,5.10
101991153,0x1f5b654a21b9b42b5f41d9db790181227fbb4444,0xd57191bc8642bb335285c4e7230693d9023dec241271965240700e240d9d649e,5.10,81,1,2,1,0,0,5.10,0.00
101991153,0x1f5b654a21b9b42b5f41d9db790181227fbb4444,0x70bb6f471279818f43e4f2ee5e59ca0752d0af6513b954b20eb2d0e865d04c90,5.10,1,0,2,0,1,0,0.00,5.10
101991154,0x1f5b654a21b9b42b5f41d9db790181227fbb4444,0x0c093f31dbba09985204ac76f1342572376b31ad509d00c469bdd7a106f8e198,5.10,1,0,3,0,2,0,0.00,5.10
101991154,0x1f5b654a21b9b42b5f41d9db790181227fbb4444,0x83b38ba1aaae938e6aadd8061b55e00755fef8166aa95ce7c28db492495aa4a9,5.10,53,2,3,2,0,0,5.10,0.00
101991155,0x1f5b654a21b9b42b5f41d9db790181227fbb4444,0x36c3fa49a3dcdb4ff563dfa2dce67eb211fdb3057cccace3ed932dc50284279e,5.10,20,0,2,0,1,0,0.00,5.10
101991155,0x1f5b654a21b9b42b5f41d9db790181227fbb4444,0xb60e10c2cff1a93ca9302d7614bc90c74af9d22e683b983927e5c5d39798194f,5.10,22,1,2,1,0,0,5.10,0.00
101991156,0x1f5b654a21b9b42b5f41d9db790181227fbb4444,0x039d655271c9615f45fba17b231fd7505a26b97d934fba2fb28e0b1d72484b1b,5.10,1,0,6,0,5,0,0.00,5.10
101991156,0x1f5b654a21b9b42b5f41d9db790181227fbb4444,0xfce9b3d9f7473a3d94a2cdfb7275085e835e5f944bc3b663466aac388f27e6b7,5.10,2,1,6,1,4,0,5.10,5.10
101991156,0x1f5b654a21b9b42b5f41d9db790181227fbb4444,0x923085d55863b37146db929bbf7efe5837b698a1da714ad085000b04c62a9876,5.10,3,2,6,2,3,0,5.10,0.12
101991158,0x1f5b654a21b9b42b5f41d9db790181227fbb4444,0xca1ec811cfef890034f839e9c01fe5870da8670d0a8e623ade483041014e7e7e,5.10,2,1,4,1,2,0,5.10,5.10
101991158,0x1f5b654a21b9b42b5f41d9db790181227fbb4444,0x37a74676c5bb999a8c30e25090c41320e1ae460e1d12c2ea8fab4cb98a86d52c,5.10,69,3,4,3,0,0,5.10,0.00
101991157,0x1f5b654a21b9b42b5f41d9db790181227fbb4444,0x6168f29e265a509d9218b0295c9e9c24460900b9af21de60a7a538097c8b5559,5.10,1,0,2,0,1,0,0.00,0.12
101991158,0x1f5b654a21b9b42b5f41d9db790181227fbb4444,0x63d5ded1f2abbc292d4416dab57f70985cace43e4414410ddee3aaf97abe6672,5.10,1,0,4,0,3,0,0.00,5.10
102000839,0xefb1cf11e92ee910f1ddda510dfdc643b0d64444,0x4d25052e6843e7abb936308ba4d5243706c6223f676c6556ab3c5a7e0cd2353c,5.10,1,0,1,0,0,0,0.00,0.00
102038833,0x124f73e7b8a570bcf25ec546815c6fd49e474444,0xf483cfd1b3981b33fe0ec1739107b1e489879ef51323af9ac5512c569c2530d2,5.10,3,0,4,0,3,0,0.00,10.00
102038445,0xab48ac3bf0580914f9849944cd4d6d4f33ec4444,0x190c1bb8e25be71091ac26dd41658d829596ab054827a2b4adc8110e57a68fd9,92.00,2,0,3,0,2,0,0.00,0.12
102045102,0xe8d5dad70ca70b9f3ae1b12ae864686236de4444,0x6eafc22a46bf5c378aee99a19a696ab71e67da0aa85bdfef991970bc2d907712,92.00,2,0,2,0,1,0,0.00,0.12
102044905,0x9f54b1dd9b1437c6096ce80855cd6848269f4444,0xa8af54478cd7f10caf5fc28dbca0ca073f0a5d9b3e0967230e0372da9ce642b6,1200.00,2,0,11,0,10,0,0.00,200.00
102073767,0x1648d8290dd98142922bf48a310e9f1b19fa4444,0xcdb19cf53c499939ab0ab94a37e298de0b6e0d44d8ab284890b327e58fcab6dd,92.00,2,0,5,0,4,0,0.00,92.00
102073767,0x1648d8290dd98142922bf48a310e9f1b19fa4444,0xb239e49df9e0d575d04ac1bf70ca26457cc32b23ecc8254c00849b4431f61f9c,92.00,4,1,5,1,3,0,92.00,0.33
102073812,0xb72da14c9c15920593ef95f05e3f23a123cf4444,0xd358aaedbc9d75464e5ee85041583fcc60fac62511aac48c9948431495b36eeb,92.00,2,0,10,0,9,0,0.00,155.00
102045620,0x1245253543377d3849e48f62fdaf928ada894444,0xcfa539e1956977f9d0c45fc3d58823fffe6144f054aa8c577c27bf2b25db154c,5.10,1,0,7,0,6,0,0.00,0.12
102045456,0x4a0f8ff711bcc2ecc3d2c84c7267300d49dd4444,0x61a56485db2a52ad33a4e7ad92f4a21a437d0f5b6d4be9512eece3489a9574bd,92.00,2,0,13,0,12,0,0.00,100.10
102079214,0x17671ec47de3cf5c2faae05e9dde39059ea74444,0xc0b1af05f4b81073b38797ddb2cbcbc1fb8aa57f2f4e4709da414bb1b37746be,5.10,1,0,1,0,0,0,0.00,0.00
102079918,0xe5ee5a2668c084de842c8292f53a9c83010a4444,0x6e5a7f0326beabbfb63f717deb195e1e7a6c72cccb8bcbb4fe6bc1605363e3d4,92.00,2,0,2,0,1,0,0.00,95.00
102073829,0xb72da14c9c15920593ef95f05e3f23a123cf4444,0x72db5fc46f0eece0cf8bd39cca8b1776569e2735d91008124930c8e95e46a0f1,5.10,2,1,6,1,4,0,10.00,0.18
102100945,0xd2687907db89ee95a45c9db7c6976c3c68834444,0x97cdbbbac8bda1880399d76de4058a927d983e5ca7c63b84d9eadfa16932bb96,92.00,2,0,2,0,1,0,0.00,17.00
102100946,0xd2687907db89ee95a45c9db7c6976c3c68834444,0x093091df67a90cd41c75f817e79f530a4cbd02dcb9de4799585b597b6a87ec8a,92.00,2,0,7,0,6,1,0.00,20.00
102217843,0x98b7f8d322942d7142e7cc60d158fbc4414e4444,0x2577435f01bbc61df2aec6a02db4c96a9fed76ca73da428437f2178168e81d97,92.00,2,0,7,0,6,2,0.00,7.00
102217844,0x98b7f8d322942d7142e7cc60d158fbc4414e4444,0x576d44e59677d889b4dffa6ea69b2065f3cee23ec56a53ac534562cb62f192b9,92.00,2,0,11,0,10,0,0.00,88.00
102217840,0x98b7f8d322942d7142e7cc60d158fbc4414e4444,0xde1edd5638e596b44a26bc76e1a2156417174b9a1664fdc4c6bfe0e248679d91,92.00,2,0,10,0,9,0,0.00,80.00
102229753,0x42272a2277fcd97f4bc124ecc3ccb97d403d4444,0x7c3acc255ba679f4c2e6500c27af4fadd66731837aae9bb59fb74210a79b9c93,92.00,2,0,2,0,1,0,0.00,0.12
102232781,0xdbc955ee9f899d2245e03cc63a77870ed4b44444,0xad7452ecb92e888600d76e62c420fe7ee8b74a9c1fc1f5ad5c7875a590b5cd5f,92.00,2,0,1,0,0,0,0.00,0.00
102235061,0x718e8e53cfe1fc0320e7fb460c7bcd3d2f0c4444,0x1d4c41a43dc36b699ca0413d8edb8d45f155422bb81ca894968420639b7db016,5.10,2,0,1,0,0,0,0.00,0.00
102238798,0xd0bc8ab397851ecfa58009d03bbc1a41fc764444,0x49db5a99b1bf96499297689c6dc86b1572879da1558c0ad7ef22326ca8be0c0f,5.10,1,0,1,0,0,0,0.00,0.00
102278697,0x6371bc78be157100ff3b196206d18768bfea4444,0xafe73dbdff1f093a8f0f6074b86768bdf1658a9eeb97faa16f9c777dfbed240e,92.00,2,0,1,0,0,0,0.00,0.00
