ts_unix_ns,portfolio,kol_name,token_address,token_symbol,bnb_in_wei,bnb_out_wei,pnl_wei,pnl_bnb,pnl_usd,pnl_pct,d_mcap_usd,our_entry_mcap_usd,bnb_usd_close,opened_at_block,closed_at_block,held_secs,buy_tx_count,close_reason,trigger_sell_tx,kol_exit_count,kol_exit_mcap_first_usd,kol_exit_mcap_last_usd,our_avg_exit_mcap_usd
1779721085499660918,fast_tip,N,0x8bbf768d1383fd90ccde76ec55302ece90b44444,NiceGuy,30000000000000000,25663813196575013,-4336186803424987,-0.004336,-2.91,-0.144540,5342,5565,670.68,100367730,100367731,1,1,kol_sell,0xeb982f0f27eb2d1e60d9aff428092b49fe3de60a2ecb476fce1df99378498dfe,1,5131,5131,4760
1779721112273987321,fast_tip,A,0x65d79e96e7c3495b45b69a4195f6d61eb8cd4444,builder,30000000000000000,30592500611740416,592500611740416,0.000593,0.40,0.019750,6669,6947,670.75,100367789,100367805,7,1,kol_sell,0xec81274fc7f123aaa187a1442424cda915da70d5eb2ef42eeeb35a5ee2de1755,1,7596,7596,7085
1779721547352715540,fast_tip,M,0xb8aa79bd2da5cab95920ed2330ef7213485c4444,BNBSupreme,30000000000000000,38543069657293592,8543069657293592,0.008543,5.73,0.284769,7426,7747,670.71,100368755,100368763,4,1,kol_sell,0x0a72b58bb00e8dc22cfec3732097e9ffadeebe2fffb9599ca93085b13fcd9e93,1,11796,11796,9953
1779721554938670131,fast_tip,N,0x5b8f06e26f0bfbfe125dca2f4873ce5fb8784444,BNBSupreme,29566381319657501,28009608788843649,-1556772530813852,-0.001557,-1.04,-0.052653,5049,5259,670.71,100368772,100368797,11,1,kol_sell,0x8689170c9a9789b3b00c249a79999aa7412b053fd7b26d3db8a7e6c149149703,1,5356,5356,4982
1779721620494850507,fast_tip,A,0x5b8f06e26f0bfbfe125dca2f4873ce5fb8784444,BNBSupreme,57112575116230678,53933984151245494,-3178590964985184,-0.003179,-2.13,-0.055655,32861,35312,670.43,100368917,100368938,9,2,kol_sell,0xe3280cabfdda34f547aaac7585af7e6e128ea2a0249ca7747cec1b71c5861697,1,37126,37126,35060
1779721633774043115,fast_tip,E,0x629ae9786923f80f733faa0f7a334d6af3a94444,BNBSuprem,30000000000000000,21195734161886360,-8804265838113640,-0.008804,-5.90,-0.293476,7707,8028,670.57,100368947,100368960,6,1,kol_sell,0x03482dc9c3e07a2f6f569fe104be486b1eb32d9c96568ae19b58edcebea16b1b,1,6158,6158,5672
1779721677831976927,fast_tip,M,0x5b8f06e26f0bfbfe125dca2f4873ce5fb8784444,BNBSupreme,30854306965729359,41069932496599662,10215625530870303,0.010216,6.85,0.331092,28693,29889,670.44,100369045,100369409,164,1,kol_sell,0x2d3a65aae360c42bca80a0e1153b93a04c1fbc9507e598f502ecf6846108867f,1,43601,43601,39771
1779721845778246536,fast_tip,M,0x5b8f06e26f0bfbfe125dca2f4873ce5fb8784444,BNBSupreme,31875869518816389,31334373062250792,-541496456565597,-0.000541,-0.36,-0.016988,49143,51191,670.58,100369418,100369477,27,1,kol_sell,0x659dc67be755094e50a5a79075e84bb010a84455e78667bac951df0d695f3094,1,49192,49192,50332
1779721763263869782,fast_tip,A,0xe70ffc1744adc6c5e45288b62591d0a15d2b4444,Up,56508642832883493,33285502518071955,-23223140314811538,-0.023223,-15.57,-0.410966,37020,37190,670.58,100369235,100369514,126,2,kol_sell,0xa66b67424325550f13d165a7d609fb8a341ee0db38f11c9eef36fa64d38fda60,1,23884,23884,22015
1779721878326123996,fast_tip,M,0x5b8f06e26f0bfbfe125dca2f4873ce5fb8784444,BNBSupreme,31821719873159829,19834656581858797,-11987063291301032,-0.011987,-8.04,-0.376694,38309,38491,670.63,100369490,100369641,68,1,kol_sell,0x44a9a51b76f53b8f7e43aaaf4f4d5940ea5a42a7f6c7674070d04c238fd63f9a,1,24327,24327,23993
1779722405963690000,fast_tip,A,0x13b510644530f709b9919ddb8e51c3b3c0984444,YZiTalent,25010024265055652,23453962852229678,-1556061412825974,-0.001556,-1.04,-0.062218,8845,9214,669.43,100370660,100370668,4,1,kol_sell,0xe9d834ac330260a18907aaf9726d03d950c8f5ebdd5e6641072e973ca916b6ae,1,9345,9345,8641
1779722420682974401,fast_tip,A,0x20a3b35094f88beacddfb338056e758758d84444,YZiTalent,24854418123773054,18565515980387112,-6288902143385942,-0.006289,-4.21,-0.253030,5740,5979,669.43,100370693,100370707,7,1,kol_sell,0x15dbc90de54b1dd8a302d32359acd65c773fb68cd701ceee2a786eb42433cdc8,1,4877,4877,4466
1779722408606841748,fast_tip,M,0xe383039580f44bc003b61986bbe4cfe7c24b4444,YZi天才,27560712189626754,15382594825205185,-12178117364421569,-0.012178,-8.15,-0.441865,4568,6765,669.15,100370666,100370748,37,1,kol_sell,0x4e0de64b5037a8531dfa2e96deca9d45f9a305e0aa11846ca211afecbc8c854a,1,4161,4161,3774
1779723250572976254,fast_tip,M,0xcca127df4c1bd6e3a55d40e18cda5a77a9454444,德赛,26342900453184597,22826697723929014,-3516202729255583,-0.003516,-2.35,-0.133478,14023,16931,668.02,100372534,100372554,9,1,kol_sell,0xbb5484c133cd4d151d27f4395d40759d0932ac243ba44381532d1bef48e456a9,1,15884,15884,14672
1779723507446219604,fast_tip,A,0xc08441feb8a5d1a201b552cddb7622ba1ab54444,赵长͏鹏,24225527909434460,33276321036826915,9050793127392455,0.009051,6.05,0.373606,4318,4649,667.91,100373104,100373142,18,1,kol_sell,0x0bce65f6b2877471ecc90d8502c5d02ba4ef9de127027020ea2fc05dbeb268d7,1,6727,6727,6386
1779723550484422172,fast_tip,A,0xc08441feb8a5d1a201b552cddb7622ba1ab54444,赵长͏鹏,25130607222173706,22588747446422004,-2541859775751702,-0.002542,-1.70,-0.101146,5604,5838,667.90,100373199,100373262,28,1,kol_sell,0xc5de88ba405d4fd41eebd8574393fcdaa8833c780707de968c4827e27dc06bf9,1,5684,5684,5247
1779721853964120517,fast_tip,A,0x5b8f06e26f0bfbfe125dca2f4873ce5fb8784444,BNBSupreme,24090526681387173,2565254713138691,-21525271968248482,-0.021525,-14.36,-0.893516,52688,54884,666.96,100369436,100374179,2138,1,kol_sell,0x8a130f26d93de4acbd4d1a7c04480bfbce7e09166566166d70f96d48d3a760c0,1,8436,8436,5814
1779724185284708156,fast_tip,A,0xaf4635d317c15fc23540f40b5a08514b1d914444,BBT,25132946715912404,23500625342853495,-1632321373058909,-0.001632,-1.09,-0.064947,4845,5047,666.85,100374608,100374634,13,1,kol_sell,0xa56fad90d3907e57765c761a9fe34960bfa05c494eb197b3e0b08f23f8116540,1,5104,5104,4719
1779733896005176910,fast_tip,M,0x3a150e6abc09e65b9ecfc68ec47b2857c2924444,清明上河咪图,57053459123686615,222077761146061636,165024302022375021,0.165024,109.15,2.892450,8249,9397,661.43,100396168,100400540,1970,3,kol_sell,0x1560dad20b4577c1e092cf9b4461e8876e1829b2bd340e284a5dfc41def45995,1,54392,54392,50365
1779739320340951557,fast_tip,M,0x62ba69199e62331a16b68e4abe149d73cd894444,KK键盘,37555367148247323,47270399580017559,9715032431770236,0.009715,6.43,0.258686,11553,13823,661.66,100408214,100411217,1353,1,kol_sell,0x533487b412069297ed81fa3b3c6bd55ee93925ec29bb83a9b57bb796ee5759fa,1,18619,18619,17396
1779759934801133580,fast_tip,O,0xdfeb2ebfbbc46bb1466f9ac1a34f3ad676a14444,ceezee,30000000000000000,33729852311034376,3729852311034376,0.003730,2.45,0.124328,31152,31298,657.26,100453981,100455161,532,1,kol_sell,0xb96f3ceafcd408dd2080832580c60ddc0f5680a5e68905d46d3e23d1af27879e,1,37394,37394,35246
1779761130410700450,fast_tip,N,0x767e373b78aadb084201045f979c556f7e0b4444,企鹅岛,26469633659918504,20095189403761523,-6374444256156981,-0.006374,-4.19,-0.240821,7377,8100,657.54,100456635,100456796,74,1,kol_sell,0xcf32fed1e238139b7cd3ccc67e06d26df815ed15b8c4141881544f79bdb1633f,1,6915,6915,6155
1779763186665436866,fast_tip,N,0x878a9fe3bc105d74821914fc950a8fd7a1fe4444,NATHAN,25832189234302806,41139292690504987,15307103456202181,0.015307,10.08,0.592559,6568,6842,658.24,100461199,100461227,13,1,kol_sell,0xf51107160ec08e9c753bff113d30d70f45fed50559920882b811510492121eb8,1,11601,11601,10896
1779764926970612251,fast_tip,N,0x9230e5584e514c6cd044e0445f1bd3476eaf4444,区块恋,27362899579923024,33355565070105258,5992665490182234,0.005993,3.94,0.219007,5957,6206,657.48,100465062,100465094,15,1,kol_sell,0x2009dc2a55314d04bd451a446ca30e2adad0d4b29bd063cf84e172877fd9433c,1,8028,8028,7565
1779764968373563770,fast_tip,B,0x9230e5584e514c6cd044e0445f1bd3476eaf4444,区块恋,30000000000000000,22446970404973608,-7553029595026392,-0.007553,-4.96,-0.251768,8501,8855,657.09,100465153,100465827,305,1,kol_sell,0xa4b922e2e32af51964862da3ea8c722d5788a4828caa6c5555af4433aafdc51b,1,7219,7219,6625
1779765595716771118,fast_tip,N,0xe6c238d6e4b756c9dbc9a0989e012dcb80774444,Mythos,25165949516047123,20814703305774900,-4351246210272223,-0.004351,-2.86,-0.172902,18698,18790,657.63,100466544,100466731,84,1,kol_sell,0x01e581334363b859dd10fd613857b7222ff8955461358b74159385b2ce636644,1,17419,17419,15544
1779765190917232427,fast_tip,N,0x6ec6eebf4a44ea09cd888a5f477483db8d4f4444,币安恋,27962166128941247,26999696464773446,-962469664167801,-0.000962,-0.63,-0.034420,4162,4421,657.48,100465647,100466850,544,1,kol_sell,0x30964f1df54b3e3055e8896668889aaaa25ff41758af1087ae59d8e639728894,1,4613,4613,4268
1779765842395264084,fast_tip,N,0x6657adbcaa70f579a46a13dbab7961695e434444,币安恋,27430794541497245,33659673528497977,6228878987000732,0.006229,4.10,0.227076,4686,4881,657.58,100467092,100467384,133,1,kol_sell,0xd312fd757619ac2bc3e29456f8d31495929c854f18a35d320b07c5506d771d44,1,6408,6408,5989
1779766191493147741,fast_tip,A,0xc1d2fcf05981abce56525b07261500aaa8c54444,藏鹅の家族,20225468808671276,21543076823272813,1317608014601537,0.001318,0.87,0.065146,4398,5022,657.13,100467863,100468026,74,1,kol_sell,0xd0fd2b0dd03e5f7443c83c3bbd416184d10297c56d13cc01b02c01705eb9cbc5,1,5856,5856,5351
1779766547926719032,fast_tip,N,0x276814c44938a697b8667312283e1f74d0ba4444,咩咩咩咩咩咩妈妈看,53301996636374904,57213968228832124,3911971592457220,0.003912,2.57,0.073393,4656,4850,658.18,100468654,100468688,16,2,kol_sell,0xd1fe2f3da4b6a768e1a61e6583f88c5567d4367fad2e68d38855504f54e775be,1,5493,5493,5190
1779766710403749832,fast_tip,A,0x720712751093276c0f61b08f7fb81a193e2a4444,便便牌,18321506649118287,15995232811947663,-2326273837170624,-0.002326,-1.53,-0.126970,4669,5220,658.04,100469014,100469062,22,1,kol_sell,0x1671f51b8463c9da00d1fa5961743a9dc1dd2a98fc345757c5f88d2a2d615528,1,5018,5018,4557
1779766719411918217,fast_tip,N,0xca29941278c5fb7b83a50fdca069f9e6f7394444,便便牌,28444879599443040,26415745897871005,-2029133701572035,-0.002029,-1.34,-0.071336,4282,4461,658.04,100469034,100469073,18,1,kol_sell,0x33da39e7764f129519f604d4e6a4f7914318c97e716136230a61f544b9eb7fce,1,4464,4464,4142
1779766742175197787,fast_tip,G,0x720712751093276c0f61b08f7fb81a193e2a4444,便便牌,27000000000000000,24916966540637340,-2083033459362660,-0.002083,-1.37,-0.077149,5421,5647,658.02,100469085,100469208,56,1,kol_sell,0x0361f4b751d19b504b065e125bda41fde462dc411e6b80b894bab1c567ce00fd,1,5628,5628,5212
1779766621117765212,fast_tip,A,0x27d153f627836463beb47f5fadaf074c3daa4444,Number one,20357229610131430,14905691697957245,-5451537912174185,-0.005452,-3.58,-0.267794,4771,5034,657.52,100468816,100469355,243,1,kol_sell,0x08f3d01458f6d3f3a8b496432a89c82d9015b59b6051421844a87305d72ef994,1,4258,4258,3682
1779766816362749226,fast_tip,G,0xca29941278c5fb7b83a50fdca069f9e6f7394444,便便牌,26791696654063734,16302077450346176,-10489619203717558,-0.010490,-6.90,-0.391525,7610,7927,657.62,100469250,100469642,177,1,kol_sell,0xcdb3e3d59874259b069115a5d888b27268e8eea7ecfbf308836fdd1aff9e5526,1,5304,5304,4822
1779767225507331340,fast_tip,G,0x3ca06a1aa94358dee0a2f44c9c346022dec84444,HERME,25742734733691978,27904312273865003,2161577540173025,0.002162,1.42,0.083968,4792,5165,657.53,100470159,100470201,20,1,kol_sell,0x174f8a67e791ab70f4c5f39fb4a6ccac628c7b618ad0042137691a14535796b7,1,5816,5816,5599
1779767254910076116,fast_tip,N,0xa44208b5bfa96d860764cf0cd8556904098e4444,HERMEW,28241966229285837,24089557799564283,-4152408429721554,-0.004152,-2.73,-0.147030,5614,5848,657.53,100470224,100470231,3,1,kol_sell,0x4fbff1356e8456522a7c8006262e9d0d753b03d717c355690cd4b6c9fb5b7946,1,5393,5393,4988
1779767404454973671,fast_tip,N,0x0615b76add46460df6edfa1f8d82632a6e1d4444,BSC,27826725386313681,21568364818672818,-6258360567640863,-0.006258,-4.12,-0.224905,5397,5622,657.57,100470556,100470724,76,1,kol_sell,0xdd415f47dbbbbe4f00b5f1611e5186e1fbb9c592559de1837657db4f9e69a2bb,1,4730,4730,4357
1779767445853331226,fast_tip,A,0x6b24d760259e8eb608a626018ec9385845774444,昆仑万维,19579448435196949,15169336668891081,-4410111766305868,-0.004410,-2.90,-0.225242,4815,5016,657.59,100470648,100470954,139,1,kol_sell,0x9843cee2bc8e342d003d4f65af01a80ea0cfcb077b7e94ba6bfc154c7d5e176a,1,4420,4420,3886
1779767605291050278,fast_tip,N,0x6657adbcaa70f579a46a13dbab7961695e434444,币安恋,27200889329549595,92267018901205011,65066129571655416,0.065066,42.78,2.392059,5072,5283,657.56,100471002,100471350,158,1,kol_sell,0x06bac86a8690d1eba92a03b979fc1c5639001ab84111e8b2537c08020fe01058,1,18360,18360,17919
1779767663548392576,fast_tip,A,0x6657adbcaa70f579a46a13dbab7961695e434444,币安恋,17224593532709726,22566978759788782,5342385227079056,0.005342,3.51,0.310160,12589,13113,657.46,100471131,100471528,179,1,kol_sell,0x7368fe3dcf89533849161eb9195ee1706937f1e39ee73d66ac74fe5e5f1cdf85,1,19051,19051,17181
1779767620668428911,fast_tip,K,0x6657adbcaa70f579a46a13dbab7961695e434444,币安恋,30000000000000000,91176787037268546,61176787037268546,0.061177,40.22,2.039226,5950,6198,657.46,100471036,100471583,247,1,kol_sell,0x6c80b4c0ef2ff271d55ffa265119560448eca89d20048b173ca4f3209c3cedcf,1,19812,19812,18831
1779770495651509880,fast_tip,M,0x1f518847ec0257105d86521e4cbaf1a083064444,共建,34674183352281912,52163632558995893,17489449206713981,0.017489,11.51,0.504394,4115,4756,657.94,100477410,100477460,23,1,kol_sell,0x451bad6b58a5027c3428bcd6bb485e36d59993eef24e97fd6de109ed005d99c5,1,7771,7771,7156
1779770525289578106,fast_tip,M,0x1f518847ec0257105d86521e4cbaf1a083064444,共建,36423128272953310,19221266010899026,-17201862262054284,-0.017202,-11.31,-0.472279,6998,7900,657.61,100477476,100480249,1250,1,kol_sell,0x209e424ad23e8597a91e28f47c60157d326ae559a880060b26b2ac9b8bccdfe3,1,4508,4508,4167
1779771898863607674,fast_tip,A,0xc65b76a6a6bb899c8d19fb0ad10887bc210b4444,喵蹦蹦,15982948849875868,19276250934978715,3293302085102847,0.003293,2.17,0.206051,4130,4565,657.97,100480525,100480664,64,1,kol_sell,0x5ed269f1ad27929a9dd151fd017d2dbe53e6f568bce2ac089389faef8758c419,1,5980,5980,5505
1779772139443228671,fast_tip,M,0xca99dbb38f3413cf077e490026e524c40ce74444,三俗分子,34702942046747882,37640513275719991,2937571228972109,0.002938,1.93,0.084649,5067,6558,658.44,100481059,100481088,14,1,kol_sell,0xbba40b1eb326c7b17d621cb3e6f96c957f4f4c2149b45eddb07e50f21bdf700c,1,7520,7520,7113
1779772227282471097,fast_tip,A,0x9177895f8d9774aa04daebad281b925fd33a4444,币圈江湖,14681051152547538,15384018907072214,702967754524676,0.000703,0.46,0.047883,5244,5797,658.22,100481253,100481313,28,1,kol_sell,0x35eb42691cb79cce1b7a0afa664f44bc4d8ef65d8cf8f2af92df1aa49061ace6,1,6674,6674,6075
1779772381119103511,fast_tip,M,0x55eb247b3210179785e7f8306108edc252284444,三俗粪子,34996699169645093,25415658416776835,-9581040752868258,-0.009581,-6.31,-0.273770,3932,5106,658.25,100481594,100481659,29,1,kol_sell,0x3a149fa7622ecfa99bc1277bc24abf06c22d2107e2bf6e135aaaf238a88937d2,1,4001,4001,3708
1779772374917960414,fast_tip,G,0xca99dbb38f3413cf077e490026e524c40ce74444,三俗分子,25958892487709280,22159318408845396,-3799574078863884,-0.003800,-2.50,-0.146369,12445,13785,658.59,100481581,100482137,252,1,kol_sell,0x79b62f6f6b32ff1dca3869d10645cb62a89c28a00d5e9e11d013af72205faf53,1,12769,12769,11774
1779774078455430205,fast_tip,A,0xce5cc313203f58d309a886a046170555599c4444,ForgeTrain,14751347928000005,17051817927860142,2300469999860137,0.002300,1.51,0.155950,8324,9208,658.07,100485362,100485441,36,1,kol_sell,0x0b03dd31d256db81f5fd22ba3c25bc4eeef2936a12e71b5c8f39751dc00e9c7b,1,11469,11469,10643
1779774661964233811,fast_tip,A,0xc36543025e4d3232d89b25c0c2a00bde1d397777,车位战争,14981394927986019,18321226623340095,3339831695354076,0.003340,2.20,0.222932,12784,13317,658.03,100486656,100486802,66,1,kol_sell,0x8e92154ca960c617e5860a41c5de4a0cb4bf927affeadafa2113231ed6427973,1,552,552,16283
1779775217828043295,fast_tip,D,0x4e08e9e3e264413adacbda5499dc64d84b684444,Mr. Donothing,27000000000000000,28194994033627580,1194994033627580,0.001195,0.79,0.044259,4957,8641,658.50,100487891,100487941,23,1,kol_sell,0x6de1abc3b8176fddcdb5d42889782c07b2901557e8709109d54a55b4b69ee391,1,10190,10190,9023
1779775050399872138,fast_tip,O,0xa3f6192745f98f78879b0aae550372ee0f1b4444,念张师,27335686707993093,21481474048763455,-5854212659229638,-0.005854,-3.85,-0.214160,7541,8175,658.22,100487519,100488331,367,1,kol_sell,0x4045ee609b4dd9b9c414abac4338bd7de2e22d6de4b22495ce0fb7e162478600,1,7247,7247,6422
1779775744667219039,fast_tip,A,0x60f818f55fcb99be56ff70d057dcfca646724444,TRGuys,12405456258992355,9689882051265058,-2715574207727297,-0.002716,-1.79,-0.218902,8018,8844,658.45,100489059,100489079,10,1,kol_sell,0xb1323e16d7e2cdeceaad9d687e4c3a26f26cc45b6a13973e04a72030cea795d6,1,8116,8116,6908
1779776020091404022,fast_tip,A,0xfea0214edde4bd6bdb9e7e57e77c5cd9c86f4444,BGOAT,12133898838219626,10050957699703472,-2082941138516154,-0.002083,-1.37,-0.171663,4129,4525,658.00,100489670,100489837,76,1,kol_sell,0xe7a45bc37a84242acbbbbe8478f8c55185edaa9a224717799bc7db0142733d69,1,4353,4353,3748
1779771378103574800,fast_tip,O,0x6657adbcaa70f579a46a13dbab7961695e434444,币安恋,30372985231103437,21035687358340016,-9337297872763421,-0.009337,-6.14,-0.307421,25177,26907,657.75,100479369,100490347,4948,1,kol_sell,0x0473765a0c3d06b285e4ed53ca43571a4cb17598993aa92de0a7b8bdee68cdcb,1,20563,20563,18618
