ts_unix_ns,portfolio,kol_name,token_address,token_symbol,bnb_in_wei,bnb_out_wei,pnl_wei,pnl_bnb,pnl_usd,pnl_pct,d_mcap_usd,our_entry_mcap_usd,bnb_usd_close,opened_at_block,closed_at_block,held_secs,buy_tx_count,close_reason,trigger_sell_tx,kol_exit_count,kol_exit_mcap_first_usd,kol_exit_mcap_last_usd,our_avg_exit_mcap_usd
1779001720928371533,fast_tip,D,0x171a0a7ca332ecefed026668bf9ba380c3694444,VideoTutor,34500000000000000,41141733791043336,6641733791043332,0.006642,4.35,0.192514,4085,5598,654.95,98771358,98771399,18,1,kol_sell,0x6c12a02f710457cc2ae87cebe3e0e889e7ae97c60019de159db190379196b7e0,3,8359,5752,6675
1779001720928373463,normal_tip,D,0x171a0a7ca332ecefed026668bf9ba380c3694444,VideoTutor,34500000000000000,41141733791043336,6641733791043332,0.006642,4.35,0.192514,4085,5598,654.95,98771358,98771399,18,1,kol_sell,0x6c12a02f710457cc2ae87cebe3e0e889e7ae97c60019de159db190379196b7e0,3,8359,5752,6675
1779038658580483683,fast_tip,D,0x9df4d6fbb7b504b0346119fdaf78aa1950204444,豆豆,34500000000000000,34808734370883048,308734370883044,0.000309,0.20,0.008949,20689,24563,642.11,98786855,98941612,39761,1,timeout,0x92bd55612135e40b5d9883e69db0663ae93db429b00ceb227d47bbec0a229f2d,0,24783,24783,24783
1779038658580485243,normal_tip,D,0x9df4d6fbb7b504b0346119fdaf78aa1950204444,豆豆,34500000000000000,34808734370883048,308734370883044,0.000309,0.20,0.008949,20689,24563,642.11,98786855,98941613,39761,1,timeout,0x92bd55612135e40b5d9883e69db0663ae93db429b00ceb227d47bbec0a229f2d,0,24783,24783,24783
1779111555853543555,normal_tip,D,0x78df06c3c48c63e1fa51e9223efc004f8e844444,王福满,34500000000000000,33086677632977512,-1413322367022490,-0.001413,-0.90,-0.040966,14998,19509,639.19,99015138,99015393,115,1,kol_sell,0x500a881563a461ddaf43e2cc20471cd2734b43e40a2eddcb00aa38421ec051bc,2,22996,15470,18709
1779111555853542345,fast_tip,D,0x78df06c3c48c63e1fa51e9223efc004f8e844444,王福满,34500000000000000,33086677632977512,-1413322367022490,-0.001413,-0.90,-0.040966,14998,19509,639.19,99015138,99015395,115,1,kol_sell,0x500a881563a461ddaf43e2cc20471cd2734b43e40a2eddcb00aa38421ec051bc,2,22996,15470,18709
1779195803298607939,normal_tip,D,0xb1967fbac43c6e2473ff4e0763fc98d8d5c54444,CI,34500000000000000,18222744122259724,-16277255877740278,-0.016277,-10.44,-0.471805,5846,8742,641.18,99202027,99202072,21,1,kol_sell,0x7ca453bd800400e1304aac30b2e96817ebe48b3ce92d8e99af695646a0d6a8e2,1,5087,5087,4618
1779195803298605869,fast_tip,D,0xb1967fbac43c6e2473ff4e0763fc98d8d5c54444,CI,34500000000000000,18222744122259724,-16277255877740278,-0.016277,-10.44,-0.471805,5846,8742,641.18,99202027,99202074,21,1,kol_sell,0x7ca453bd800400e1304aac30b2e96817ebe48b3ce92d8e99af695646a0d6a8e2,1,5087,5087,4618
1779198537921332252,normal_tip,D,0xd3b00734a001ff3c1b73d9eed007b7c6fdfe7777,积木,34500000000000000,932387487464645,-33567612512535360,-0.033568,-21.49,-0.972974,13691,15166,640.22,99208092,99208169,35,1,kol_sell,0x927b3a26af3e04d4c8e9ad6f145288db55a6a2c21d42e5696de4c13963798240,1,410,410,410
1779198537921330632,fast_tip,D,0xd3b00734a001ff3c1b73d9eed007b7c6fdfe7777,积木,34500000000000000,932387487464645,-33567612512535360,-0.033568,-21.49,-0.972974,13691,15166,640.22,99208092,99208171,35,1,kol_sell,0x927b3a26af3e04d4c8e9ad6f145288db55a6a2c21d42e5696de4c13963798240,1,410,410,410
1779247525353980069,normal_tip,G,0xba7d06d5dae243a9d680ec57269040bf15f34444,币安表白室,75000000000000000,48363623746216384,-26636376253783616,-0.026636,-17.01,-0.355152,5473,6648,638.65,99316837,99316947,49,1,kol_sell,0xc22cfa812875753b5a6c7a668db8cfdc421bea147a94f6c741091c60c4065257,2,4668,3906,4287
1779247525353978959,fast_tip,G,0xba7d06d5dae243a9d680ec57269040bf15f34444,币安表白室,75000000000000000,48363623746216384,-26636376253783616,-0.026636,-17.01,-0.355152,5473,6648,638.65,99316837,99316947,49,1,kol_sell,0xc22cfa812875753b5a6c7a668db8cfdc421bea147a94f6c741091c60c4065257,2,4668,3906,4287
1779249997879695643,normal_tip,D,0x3e6ca7a0b74cf139048c74278082cf7470cd4444,一日不见如隔三秋,34500000000000000,40096884697762832,5596884697762830,0.005597,3.58,0.162229,8314,10347,639.94,99322326,99322378,24,1,kol_sell,0xf7d31ba08b473e8dcb39bfa114ed88b77b54cfa5faa6a42dcbd3a555b8755642,2,14794,11518,12026
1779249997879693893,fast_tip,D,0x3e6ca7a0b74cf139048c74278082cf7470cd4444,一日不见如隔三秋,34500000000000000,40096884697762832,5596884697762830,0.005597,3.58,0.162229,8314,10347,639.94,99322326,99322379,24,1,kol_sell,0xf7d31ba08b473e8dcb39bfa114ed88b77b54cfa5faa6a42dcbd3a555b8755642,2,14794,11518,12026
1779256923105978507,fast_tip,K,0x7e7a0528f5130609ca5082fa4957c1a5a0ce4444,drawance,40000000000000000,29058527250839480,-10941472749160522,-0.010941,-7.02,-0.273537,4766,5896,641.88,99337694,99337738,20,1,kol_sell,0xf052239ae21d841445041b5d9a9129bc0c4604a7b2d97aa8d3a89beec42001e2,1,4851,4851,4283
1779256923105980657,normal_tip,K,0x7e7a0528f5130609ca5082fa4957c1a5a0ce4444,drawance,40000000000000000,29058527250839480,-10941472749160522,-0.010941,-7.02,-0.273537,4766,5896,641.88,99337694,99337740,20,1,kol_sell,0xf052239ae21d841445041b5d9a9129bc0c4604a7b2d97aa8d3a89beec42001e2,1,4851,4851,4283
1779256932918539564,normal_tip,C,0xea26a9b57b33e6f2b11f07102da89b6127554444,BUNANCE,100000000000000000,79858519103017632,-20141480896982368,-0.020141,-12.93,-0.201415,46420,49576,641.93,99337716,99337749,15,2,kol_sell,0x2acd1b85b9b63b7f2b56775db71891fcef2bc65ef5b13b222c4c84686317591a,2,33908,32943,39591
1779256932918538144,fast_tip,C,0xea26a9b57b33e6f2b11f07102da89b6127554444,BUNANCE,100000000000000000,79858519103017632,-20141480896982368,-0.020141,-12.93,-0.201415,46420,49576,641.93,99337716,99337751,16,2,kol_sell,0x2acd1b85b9b63b7f2b56775db71891fcef2bc65ef5b13b222c4c84686317591a,2,33908,32943,39591
1779256954208996473,fast_tip,O,0x1b4466cfcd321d34adc1fa71c21792db00e04444,bunance,35000000000000000,32657929410844900,-2342070589155101,-0.002342,-1.50,-0.066916,4712,5171,641.93,99337763,99337785,10,1,kol_sell,0xfe4978cb0914b2f35dc6a6d3fbf9bf71564177d7db5a5b8b63451cfa8c3a6978,2,6089,3904,4825
1779256954208998323,normal_tip,O,0x1b4466cfcd321d34adc1fa71c21792db00e04444,bunance,35000000000000000,32657929410844900,-2342070589155101,-0.002342,-1.50,-0.066916,4712,5171,641.93,99337763,99337787,11,1,kol_sell,0xfe4978cb0914b2f35dc6a6d3fbf9bf71564177d7db5a5b8b63451cfa8c3a6978,2,6089,3904,4825
1779256918954798025,fast_tip,O,0xea26a9b57b33e6f2b11f07102da89b6127554444,BUNANCE,35000000000000000,27321986270670452,-7678013729329553,-0.007678,-4.93,-0.219372,29925,35100,642.25,99337684,99337863,81,1,kol_sell,0x3566630031bb2d82851bf80cec4f3170e3daf1a94eff054dbca7f86577be150b,1,27400,27400,27400
1779256918954799675,normal_tip,O,0xea26a9b57b33e6f2b11f07102da89b6127554444,BUNANCE,35000000000000000,27321986270670452,-7678013729329553,-0.007678,-4.93,-0.219372,29925,35100,642.25,99337684,99337865,81,1,kol_sell,0x3566630031bb2d82851bf80cec4f3170e3daf1a94eff054dbca7f86577be150b,1,27400,27400,27400
1779258191072394914,fast_tip,O,0xf348d8df614f614eb07f8ae3572ab50727324444,HookSummer,35000000000000000,39883992011369304,4883992011369298,0.004884,3.13,0.139543,8196,9763,641.59,99340508,99340545,17,1,kol_sell,0xc636141811ae68e4c3460c0fcec6ed062014c18569cade20d12081d727d331c0,4,12495,6859,11126
1779258191072396534,normal_tip,O,0xf348d8df614f614eb07f8ae3572ab50727324444,HookSummer,35000000000000000,39883992011369304,4883992011369298,0.004884,3.13,0.139543,8196,9763,641.59,99340508,99340547,17,1,kol_sell,0xc636141811ae68e4c3460c0fcec6ed062014c18569cade20d12081d727d331c0,4,12495,6859,11126
1779259124584721399,normal_tip,O,0xf5f3c1c666421cb90678658516d1814346ec4444,薯比,35000000000000000,31880653786562436,-3119346213437568,-0.003119,-2.00,-0.089124,5400,6028,641.76,99342577,99342837,118,1,kol_sell,0x56e5d1ca46668d115cf3b2c6d1652f3d2acf69d9c479d6cc04089adf752fead8,2,6927,4181,5491
1779259124584705029,fast_tip,O,0xf5f3c1c666421cb90678658516d1814346ec4444,薯比,35000000000000000,31880653786562436,-3119346213437568,-0.003119,-2.00,-0.089124,5400,6028,641.76,99342577,99342839,118,1,kol_sell,0x56e5d1ca46668d115cf3b2c6d1652f3d2acf69d9c479d6cc04089adf752fead8,2,6927,4181,5491
1779265088248971336,normal_tip,D,0x2c8132611b9430e6d2287eb663129d94660a4444,CZ,34500000000000000,37090110662167416,2590110662167411,0.002590,1.67,0.075076,4836,5828,643.24,99355813,99355846,15,1,kol_sell,0xfd469a083238f402b50a0c99012e9c6a0c3c66e71f513cf573889ae8950f1a69,2,7685,5447,6266
1779265088248969676,fast_tip,D,0x2c8132611b9430e6d2287eb663129d94660a4444,CZ,34500000000000000,37090110662167416,2590110662167411,0.002590,1.67,0.075076,4836,5828,643.24,99355813,99355847,15,1,kol_sell,0xfd469a083238f402b50a0c99012e9c6a0c3c66e71f513cf573889ae8950f1a69,2,7685,5447,6266
1779265113000237577,fast_tip,D,0x8c64081aefad814b33ba3edd223017e807ad4444,CZ,34500000000000000,19246657420720724,-15253342579279280,-0.015253,-9.81,-0.442126,4707,7109,643.18,99355868,99355935,30,1,kol_sell,0x1c180c5372341866547bae2e5d38878944a003c94d435130fa7ad8c159bc5c6e,1,3966,3966,3966
1779265113000238997,normal_tip,D,0x8c64081aefad814b33ba3edd223017e807ad4444,CZ,34500000000000000,19246657420720724,-15253342579279280,-0.015253,-9.81,-0.442126,4707,7109,643.18,99355868,99355937,31,1,kol_sell,0x1c180c5372341866547bae2e5d38878944a003c94d435130fa7ad8c159bc5c6e,1,3966,3966,3966
1779265563571343039,fast_tip,D,0xa973d0662abe20224a4ca448c678412ebd904444,memes拯救世界,34500000000000000,42383006313287944,7883006313287942,0.007883,5.07,0.228493,5142,6257,643.40,99356868,99356920,24,1,kol_sell,0x549e1522ddae676fc81a235f6bf8a51cac93152ff36cba75a3a828e5fc764e37,2,8197,6778,7687
1779265563571344409,normal_tip,D,0xa973d0662abe20224a4ca448c678412ebd904444,memes拯救世界,34500000000000000,42383006313287944,7883006313287942,0.007883,5.07,0.228493,5142,6257,643.40,99356868,99356922,24,1,kol_sell,0x549e1522ddae676fc81a235f6bf8a51cac93152ff36cba75a3a828e5fc764e37,2,8197,6778,7687
1779268397119641930,fast_tip,O,0x18d7f99bf17d4c97f05e20e4d66f18c11eff4444,BPUNK,35000000000000000,51759190054616672,16759190054616666,0.016759,10.78,0.478834,11468,11893,643.26,99363156,99363749,267,1,kol_sell,0xd8714c0aee8cf2c9cb3a3d1128adfef73c15d78efef1663b4666f74280888621,2,20714,12381,17588
1779268397119643860,normal_tip,O,0x18d7f99bf17d4c97f05e20e4d66f18c11eff4444,BPUNK,35000000000000000,51759190054616672,16759190054616666,0.016759,10.78,0.478834,11468,11893,643.26,99363156,99363751,268,1,kol_sell,0xd8714c0aee8cf2c9cb3a3d1128adfef73c15d78efef1663b4666f74280888621,2,20714,12381,17588
1779269462861620190,normal_tip,D,0xbd1d873241c33fb325635f78c187918c6cb74444,不讲不讲,75000000000000000,71472965855831312,-3527034144168689,-0.003527,-2.27,-0.047027,4700,6133,644.19,99365522,99365535,6,1,kol_sell,0xd7966226c4d748d11344341417c84d04c2f1cbe345e572f493fbb119b31b9bd6,3,6573,4889,5845
1779269462861618780,fast_tip,D,0xbd1d873241c33fb325635f78c187918c6cb74444,不讲不讲,75000000000000000,71472965855831312,-3527034144168689,-0.003527,-2.27,-0.047027,4700,6133,644.19,99365522,99365536,6,1,kol_sell,0xd7966226c4d748d11344341417c84d04c2f1cbe345e572f493fbb119b31b9bd6,3,6573,4889,5845
1779270476121798296,fast_tip,D,0x63af4b584f150a204e2642c1b8ea248caa5d4444,中指红狗,34500000000000000,44546870899852600,10046870899852594,0.010047,6.46,0.291214,6502,8859,643.42,99367769,99367805,16,1,kol_sell,0xbac357bfa029b00485cce363105fe4054d357886113ec571036f6d5f7f910611,2,9684,13443,11439
1779270476121800266,normal_tip,D,0x63af4b584f150a204e2642c1b8ea248caa5d4444,中指红狗,34500000000000000,44546870899852600,10046870899852594,0.010047,6.46,0.291214,6502,8859,643.42,99367769,99367807,16,1,kol_sell,0xbac357bfa029b00485cce363105fe4054d357886113ec571036f6d5f7f910611,2,9684,13443,11439
1779270761259114219,fast_tip,D,0x539cd616d4e7ec2de24b7d1df65724fe11404444,丫够燥的,75000000000000000,49893458431116344,-25106541568883652,-0.025107,-16.16,-0.334754,21323,25951,643.73,99368403,99368459,25,1,kol_sell,0x00e340113a9af106b357e120a4f1c2aaeb0215a9432917e6b0b4f325803b0afa,1,19130,19130,17264
1779270761259116079,normal_tip,D,0x539cd616d4e7ec2de24b7d1df65724fe11404444,丫够燥的,75000000000000000,49893458431116344,-25106541568883652,-0.025107,-16.16,-0.334754,21323,25951,643.73,99368403,99368460,25,1,kol_sell,0x00e340113a9af106b357e120a4f1c2aaeb0215a9432917e6b0b4f325803b0afa,1,19130,19130,17264
1779271895998577950,fast_tip,O,0x4fb60e7a62745dccb2e155035eb22811b4be4444,HELLGRIND,35000000000000000,29494037732595796,-5505962267404206,-0.005506,-3.54,-0.157313,10695,12064,643.18,99370920,99370943,11,1,kol_sell,0x6a35cefadee8de52aa7c759675e0cf574feca0a7bbee99bab3a4c7d5022c0515,2,14707,6496,10166
1779271895998578980,normal_tip,O,0x4fb60e7a62745dccb2e155035eb22811b4be4444,HELLGRIND,35000000000000000,29494037732595796,-5505962267404206,-0.005506,-3.54,-0.157313,10695,12064,643.18,99370920,99370945,11,1,kol_sell,0x6a35cefadee8de52aa7c759675e0cf574feca0a7bbee99bab3a4c7d5022c0515,2,14707,6496,10166
1779271882080543486,fast_tip,D,0x4fb60e7a62745dccb2e155035eb22811b4be4444,HELLGRIND,34500000000000000,29239584802800188,-5260415197199816,-0.005260,-3.38,-0.152476,7072,10292,643.18,99370888,99370951,28,1,kol_sell,0x09ff69bc760f133a5fbddcfbb1ed3c54c251b71ea5d872ca02a1139b96049b09,2,13222,4438,8723
1779271882080545666,normal_tip,D,0x4fb60e7a62745dccb2e155035eb22811b4be4444,HELLGRIND,34500000000000000,29239584802800188,-5260415197199816,-0.005260,-3.38,-0.152476,7072,10292,643.18,99370888,99370952,28,1,kol_sell,0x09ff69bc760f133a5fbddcfbb1ed3c54c251b71ea5d872ca02a1139b96049b09,2,13222,4438,8723
1779272441832143095,fast_tip,D,0x2723999a5d2a9a757a19d189cc5ce6f24fe54444,Kodex,34500000000000000,25330232166085884,-9169767833914118,-0.009170,-5.90,-0.265790,4496,5555,643.77,99372131,99372177,21,1,kol_sell,0x007e7fe7e3cc0bf88362dd7da9f26a31177805d52f415eacdef0c30bb927db7d,2,4655,3971,4079
1779272441832148195,normal_tip,D,0x2723999a5d2a9a757a19d189cc5ce6f24fe54444,Kodex,34500000000000000,25330232166085884,-9169767833914118,-0.009170,-5.90,-0.265790,4496,5555,643.77,99372131,99372179,21,1,kol_sell,0x007e7fe7e3cc0bf88362dd7da9f26a31177805d52f415eacdef0c30bb927db7d,2,4655,3971,4079
1779272487360201122,fast_tip,O,0xcf33272240dcb2b4a4171931fd1c59fdaf324444,HS,35000000000000000,31285317728883556,-3714682271116445,-0.003715,-2.39,-0.106134,5615,6189,643.91,99372232,99372252,10,1,kol_sell,0xc08da4a88c8eebbc636cacfcb60f66015f60294dcd68cbcbe98df1a607b794f7,2,6541,5038,5532
1779272487360203012,normal_tip,O,0xcf33272240dcb2b4a4171931fd1c59fdaf324444,HS,35000000000000000,31285317728883556,-3714682271116445,-0.003715,-2.39,-0.106134,5615,6189,643.91,99372232,99372254,10,1,kol_sell,0xc08da4a88c8eebbc636cacfcb60f66015f60294dcd68cbcbe98df1a607b794f7,2,6541,5038,5532
1779272426025143971,normal_tip,O,0x54305f828114882cf9b027ab1557228054d64444,克里弗,35000000000000000,39516363793290256,4516363793290255,0.004516,2.91,0.129039,10004,10948,643.91,99372096,99372261,75,1,kol_sell,0x0b346f48230b3a393a2c53acf0f2c44b70dfed9e636ea1a26f6f4f0ce3b5b38c,3,10951,14283,12361
1779272426025142661,fast_tip,O,0x54305f828114882cf9b027ab1557228054d64444,克里弗,35000000000000000,39516363793290256,4516363793290255,0.004516,2.91,0.129039,10004,10948,643.91,99372096,99372263,75,1,kol_sell,0x0b346f48230b3a393a2c53acf0f2c44b70dfed9e636ea1a26f6f4f0ce3b5b38c,3,10951,14283,12361
1779274870698678834,fast_tip,K,0x708559dfa8fcc534c953d63de933254a10c04444,4GUY,40000000000000000,33938989576054160,-6061010423945842,-0.006061,-3.90,-0.151525,8103,10428,642.97,99377522,99377554,15,1,kol_sell,0x4fefb7569bfa7613a243463af796fa04f682930202fc0a5bda2a0258c3f50d10,1,8900,8900,8848
1779274870698680204,normal_tip,K,0x708559dfa8fcc534c953d63de933254a10c04444,4GUY,40000000000000000,33938989576054160,-6061010423945842,-0.006061,-3.90,-0.151525,8103,10428,642.97,99377522,99377556,15,1,kol_sell,0x4fefb7569bfa7613a243463af796fa04f682930202fc0a5bda2a0258c3f50d10,1,8900,8900,8848
1779274893744537015,normal_tip,O,0x4c5def508c0b6d4c5b7d68326697decc723f4444,大金狗,35000000000000000,87507542235107392,52507542235107384,0.052508,33.76,1.500215,17074,18945,642.97,99377573,99377621,22,1,kol_sell,0xd514cb89bb8959bee9ec69f4e92a5157ea791b6da35fee1768f32ed60dcd1d9f,1,36345,56630,47366
1779274893744535605,fast_tip,O,0x4c5def508c0b6d4c5b7d68326697decc723f4444,大金狗,35000000000000000,87507542235107392,52507542235107384,0.052508,33.76,1.500215,17074,18945,642.97,99377573,99377623,22,1,kol_sell,0xd514cb89bb8959bee9ec69f4e92a5157ea791b6da35fee1768f32ed60dcd1d9f,1,36345,56630,47366
1779275154203856911,normal_tip,D,0x708559dfa8fcc534c953d63de933254a10c04444,4GUY,75000000000000000,50320372866341200,-24679627133658796,-0.024680,-15.87,-0.329062,19363,26403,643.09,99378150,99378196,21,1,kol_sell,0x4461ead82b42b6f962b25b62b78fe9fc6d2bcb27a33e5c1de3a57b253d38ee56,1,20200,20200,17715
1779275154203842912,fast_tip,D,0x708559dfa8fcc534c953d63de933254a10c04444,4GUY,75000000000000000,50320372866341200,-24679627133658796,-0.024680,-15.87,-0.329062,19363,26403,643.09,99378150,99378198,21,1,kol_sell,0x4461ead82b42b6f962b25b62b78fe9fc6d2bcb27a33e5c1de3a57b253d38ee56,1,20200,20200,17715
1779275259189091477,fast_tip,D,0x885936a0b5810ce839b102741d77659cbd544444,暴富,34500000000000000,25889807247829380,-8610192752170624,-0.008610,-5.54,-0.249571,7288,8241,643.17,99378383,99378391,4,1,kol_sell,0xf993f3ef5105863c025bd67bcb970192a30d994b29b8a785be18eee0f85aff02,1,7479,7479,6185
1779275259189093517,normal_tip,D,0x885936a0b5810ce839b102741d77659cbd544444,暴富,34500000000000000,25889807247829380,-8610192752170624,-0.008610,-5.54,-0.249571,7288,8241,643.17,99378383,99378392,4,1,kol_sell,0xf993f3ef5105863c025bd67bcb970192a30d994b29b8a785be18eee0f85aff02,1,7479,7479,6185
1779275288868945537,normal_tip,D,0x4c5def508c0b6d4c5b7d68326697decc723f4444,大金狗,100000000000000000,77288185503352112,-22711814496647888,-0.022712,-14.61,-0.227118,55814,68297,643.06,99378447,99378601,69,1,kol_sell,0x52015ea2857eacdd31eaa53ba2557074689f941015f78b08eaea91ef272ac73e,1,52440,52440,52785
1779275288868943837,fast_tip,D,0x4c5def508c0b6d4c5b7d68326697decc723f4444,大金狗,100000000000000000,77288185503352112,-22711814496647888,-0.022712,-14.61,-0.227118,55814,68297,643.06,99378447,99378601,69,1,kol_sell,0x52015ea2857eacdd31eaa53ba2557074689f941015f78b08eaea91ef272ac73e,1,52440,52440,52785
1779275016931369391,normal_tip,K,0x708559dfa8fcc534c953d63de933254a10c04444,4GUY,35000000000000000,214437431145452064,179437431145452032,0.179437,115.42,5.126784,7172,7172,643.26,99377846,99379695,834,1,kol_sell,0x8cd9e7413393405071afc081b09655a3ad98c8e2ba03dfd6b3da06484b9a03da,5,28505,55406,43941
1779275016931368141,fast_tip,K,0x708559dfa8fcc534c953d63de933254a10c04444,4GUY,35000000000000000,214437431145452064,179437431145452032,0.179437,115.42,5.126784,7172,7172,643.26,99377846,99379696,834,1,kol_sell,0x8cd9e7413393405071afc081b09655a3ad98c8e2ba03dfd6b3da06484b9a03da,5,28505,55406,43941
1779276474262872945,normal_tip,D,0x708559dfa8fcc534c953d63de933254a10c04444,4GUY,50000000000000000,88644719524648448,38644719524648440,0.038645,24.83,0.772894,39633,47245,642.56,99381078,99381510,194,1,kol_sell,0xf329afd08ad3d9f2d8fcc21196e12d38973c91a2fb5e6eb710b905a3d5994ea5,2,79800,83565,83760
1779276474262871505,fast_tip,D,0x708559dfa8fcc534c953d63de933254a10c04444,4GUY,50000000000000000,88644719524648448,38644719524648440,0.038645,24.83,0.772894,39633,47245,642.56,99381078,99381511,194,1,kol_sell,0xf329afd08ad3d9f2d8fcc21196e12d38973c91a2fb5e6eb710b905a3d5994ea5,2,79800,83565,83760
1779278855864840817,fast_tip,O,0xd9ccc092c96a663f614e5a648c65947a82f64444,背手小猫,35000000000000000,34031286287945348,-968713712054654,-0.000969,-0.62,-0.027678,14746,14592,643.15,99386365,99386445,36,1,kol_sell,0x0f36b5cdafab6f072edc6bdc9146cb631f7f66e765e267e2647c6ba4f96d1ece,1,13718,13718,14188
1779278855864842467,normal_tip,O,0xd9ccc092c96a663f614e5a648c65947a82f64444,背手小猫,35000000000000000,34031286287945348,-968713712054654,-0.000969,-0.62,-0.027678,14746,14592,643.15,99386365,99386447,37,1,kol_sell,0x0f36b5cdafab6f072edc6bdc9146cb631f7f66e765e267e2647c6ba4f96d1ece,1,13718,13718,14188
1779278911304542487,normal_tip,O,0x525ff913318e71dc23065265f5d392db20b04444,背手小咪,35000000000000000,24440244864642148,-10559755135357854,-0.010560,-6.79,-0.301707,15705,17752,643.18,99386488,99386538,23,1,kol_sell,0xc2e395dde139a76316aa0f5bf02446b0a8855d76fcdef03bce4c34291f787f0e,1,12377,12377,12396
1779278911304540097,fast_tip,O,0x525ff913318e71dc23065265f5d392db20b04444,背手小咪,35000000000000000,24440244864642148,-10559755135357854,-0.010560,-6.79,-0.301707,15705,17752,643.18,99386488,99386540,23,1,kol_sell,0xc2e395dde139a76316aa0f5bf02446b0a8855d76fcdef03bce4c34291f787f0e,1,12377,12377,12396
1779280593725822225,fast_tip,O,0xa7348e79d0977f2283e28b7f097c02424ad5ffff,404,35000000000000000,26894334001724832,-8105665998275172,-0.008106,-5.22,-0.231590,4784,5242,643.78,99390222,99390234,6,1,kol_sell,0xe1da1a9ab84cd713c9e44853e4c473167328d4c006845185826d31694721005f,1,4028,4028,4028
1779280593725823935,normal_tip,O,0xa7348e79d0977f2283e28b7f097c02424ad5ffff,404,35000000000000000,26894334001724832,-8105665998275172,-0.008106,-5.22,-0.231590,4784,5242,643.78,99390222,99390236,6,1,kol_sell,0xe1da1a9ab84cd713c9e44853e4c473167328d4c006845185826d31694721005f,1,4028,4028,4028
1779280728528279254,fast_tip,O,0xda63ad9439d4eed466cac3721e308ff83f877777,1421协议,35000000000000000,868576740276564,-34131423259723440,-0.034131,-21.98,-0.975184,12131,12125,643.88,99390521,99390541,9,1,kol_sell,0x2cd8826b0200667e7e778c1700e9b4b45aee9385f9bc5218bfcf1c42465d9ddc,1,319,319,301
1779280728528281324,normal_tip,O,0xda63ad9439d4eed466cac3721e308ff83f877777,1421协议,35000000000000000,868576740276564,-34131423259723440,-0.034131,-21.98,-0.975184,12131,12125,643.88,99390521,99390543,10,1,kol_sell,0x2cd8826b0200667e7e778c1700e9b4b45aee9385f9bc5218bfcf1c42465d9ddc,1,319,319,301
1779283285527392380,fast_tip,C,0x3b748cd84d0fc3978b011c3b641ccd4da46d4444,/BINANCE,33055500000000000,53113274457373936,20057774457373932,0.020058,12.91,0.606791,5027,5741,643.49,99396198,99396835,289,1,kol_sell,0xcf7d10f645860aa98afe0965ff1508e185eb0d1a102869fa3e9d31f2f61e7605,5,9787,9168,9224
1779283285527393560,normal_tip,C,0x3b748cd84d0fc3978b011c3b641ccd4da46d4444,/BINANCE,33055500000000000,53113274457373936,20057774457373932,0.020058,12.91,0.606791,5027,5741,643.49,99396198,99396839,289,1,kol_sell,0xcf7d10f645860aa98afe0965ff1508e185eb0d1a102869fa3e9d31f2f61e7605,5,9787,9168,9224
1779285852603785723,normal_tip,K,0xa44208b5bfa96d860764cf0cd8556904098e4444,HERMEW,35000000000000000,42580432167676152,7580432167676149,0.007580,4.87,0.216584,8338,11324,642.11,99401892,99401915,11,1,kol_sell,0x9cb1b0d8460adba3f79d695e5fbf8da15a548916dcc136d6279d9c808bbfc9af,2,23209,8539,13777
1779285852603784303,fast_tip,K,0xa44208b5bfa96d860764cf0cd8556904098e4444,HERMEW,35000000000000000,42580432167676152,7580432167676149,0.007580,4.87,0.216584,8338,11324,642.11,99401892,99401918,12,1,kol_sell,0x9cb1b0d8460adba3f79d695e5fbf8da15a548916dcc136d6279d9c808bbfc9af,2,23209,8539,13777
1779285857588258048,normal_tip,D,0xa44208b5bfa96d860764cf0cd8556904098e4444,HERMEW,34500000000000000,22051273729881428,-12448726270118574,-0.012449,-8.00,-0.360833,13426,18604,642.28,99401903,99402016,52,1,kol_sell,0x3b8c95c86ad3321c71b4c9bdee128c272dd892d75a0797b82b6558a33dbc473a,1,13607,13607,11891
1779285857588256888,fast_tip,D,0xa44208b5bfa96d860764cf0cd8556904098e4444,HERMEW,34500000000000000,22051273729881428,-12448726270118574,-0.012449,-8.00,-0.360833,13426,18604,642.28,99401903,99402021,53,1,kol_sell,0x3b8c95c86ad3321c71b4c9bdee128c272dd892d75a0797b82b6558a33dbc473a,1,13607,13607,11891
1779287521050888044,normal_tip,O,0x3aa5a9295319dcae7a63fd66bf400292110a4444,Tutorial AI,35000000000000000,28967032440810248,-6032967559189754,-0.006033,-3.89,-0.172371,5938,7526,645.46,99405587,99405597,6,1,kol_sell,0x690d36e09403079fa0b5682b5b52be332cea0d7c8910df8ad50a7af3ec14ea30,2,6714,5657,6229
1779287521050886344,fast_tip,O,0x3aa5a9295319dcae7a63fd66bf400292110a4444,Tutorial AI,35000000000000000,28967032440810248,-6032967559189754,-0.006033,-3.89,-0.172371,5938,7526,645.46,99405587,99405601,6,1,kol_sell,0x690d36e09403079fa0b5682b5b52be332cea0d7c8910df8ad50a7af3ec14ea30,2,6714,5657,6229
1779287671037057255,normal_tip,O,0xe95e5ecc07bee81f7c3aec2acdd000b84c024444,BNGUY,35000000000000000,28396359824695452,-6603640175304553,-0.006604,-4.26,-0.188675,4727,5378,645.20,99405920,99405948,14,1,kol_sell,0xb9627e71db5246a0567e259898460cf110a0204875689b1b47394de229dc52b3,1,4363,4363,4363
1779287671037056075,fast_tip,O,0xe95e5ecc07bee81f7c3aec2acdd000b84c024444,BNGUY,35000000000000000,28396359824695452,-6603640175304553,-0.006604,-4.26,-0.188675,4727,5378,645.20,99405920,99405953,15,1,kol_sell,0xb9627e71db5246a0567e259898460cf110a0204875689b1b47394de229dc52b3,1,4363,4363,4363
1779288193732419051,fast_tip,C,0x25b95e6ee505a415efaed7fd641e6b362b254444,卧龙,33055500000000000,46954224315744992,13898724315744986,0.013899,8.96,0.420466,6407,8400,644.84,99407076,99407124,22,1,kol_sell,0x6d4bb5a60785d77ef33a0830f5b811b134acbafd9b83d8627c87af172245fe28,2,27445,27445,11933
1779288193732420621,normal_tip,C,0x25b95e6ee505a415efaed7fd641e6b362b254444,卧龙,33055500000000000,46954224315744992,13898724315744986,0.013899,8.96,0.420466,6407,8400,644.84,99407076,99407127,23,1,kol_sell,0x6d4bb5a60785d77ef33a0830f5b811b134acbafd9b83d8627c87af172245fe28,2,27445,27445,11933
1779291608260423925,fast_tip,D,0x8c604a79a86295eb9073dfb5c83a43cbce1a4444,BLOB,34500000000000000,24291927773109156,-10208072226890844,-0.010208,-6.61,-0.295886,5603,7861,647.27,99414629,99414850,101,1,kol_sell,0x807051cb2d29e2ae503073f533544985b5e1f9614f653fb0197df8dfe1ec9391,1,5854,5535,5535
1779291608260424945,normal_tip,D,0x8c604a79a86295eb9073dfb5c83a43cbce1a4444,BLOB,34500000000000000,24291927773109156,-10208072226890844,-0.010208,-6.61,-0.295886,5603,7861,647.27,99414629,99414854,101,1,kol_sell,0x807051cb2d29e2ae503073f533544985b5e1f9614f653fb0197df8dfe1ec9391,1,5854,5535,5535
1779329469885123768,normal_tip,O,0x20644a40f5b4b95f5dc96dc34b2a0e696f2f4444,STARMAN,35000000000000000,32797204252568144,-2202795747431860,-0.002203,-1.44,-0.062937,17531,17531,654.08,99498506,99504002,2477,1,kol_sell,0x61429c6067daec4b0f05c44f48908c602c2a99b19dbacf1457c194ed22f74779,1,16428,16428,16428
1779329469885121918,fast_tip,O,0x20644a40f5b4b95f5dc96dc34b2a0e696f2f4444,STARMAN,35000000000000000,32797204252568144,-2202795747431860,-0.002203,-1.44,-0.062937,17531,17531,654.08,99498506,99504006,2477,1,kol_sell,0x61429c6067daec4b0f05c44f48908c602c2a99b19dbacf1457c194ed22f74779,1,16428,16428,16428
1779336084602502415,normal_tip,K,0x8705bdc5a37be7b7f0b2916baf7fb3c679274444,1,40000000000000000,416057522308428992,376057522308429056,0.376058,246.14,9.401438,7951,9139,654.52,99513190,99513298,49,1,kol_sell,0xf02dcd424f958f2cc625a9f7a92fba7a87adce69f59af8c4a34667fcc2550e9a,12,67853,68830,95054
1779336084602501055,fast_tip,K,0x8705bdc5a37be7b7f0b2916baf7fb3c679274444,1,40000000000000000,416057522308428992,376057522308429056,0.376058,246.14,9.401438,7951,9139,654.52,99513190,99513300,49,1,kol_sell,0xf02dcd424f958f2cc625a9f7a92fba7a87adce69f59af8c4a34667fcc2550e9a,12,67853,68830,95054
1779343312705322360,normal_tip,K,0xa5df347f5b227ce66b320d0177c5c8f771c64444,灵,100000000000000000,240745838663074432,140745838663074416,0.140746,91.75,1.407458,35841,41616,651.88,99529221,99529743,236,1,kol_sell,0x148efa48be2a98f8fe0f68700138bae8c619302796dfca8d80a6af657ad010f3,4,105126,56599,100188
1779343312705320700,fast_tip,K,0xa5df347f5b227ce66b320d0177c5c8f771c64444,灵,100000000000000000,240745838663074432,140745838663074416,0.140746,91.75,1.407458,35841,41616,651.88,99529221,99529745,236,1,kol_sell,0x148efa48be2a98f8fe0f68700138bae8c619302796dfca8d80a6af657ad010f3,4,105126,56599,100188
1779343531571126208,normal_tip,G,0xa5df347f5b227ce66b320d0177c5c8f771c64444,灵,125000000000000000,198708644892387296,73708644892387296,0.073709,48.03,0.589669,94432,98514,651.61,99529707,99530597,402,2,kol_sell,0x46ba05f9ee6227114d656e7a2d154d9b667a93c17cb113befcc6cd7813eed2be,1,152456,152456,156604
1779343531571124868,fast_tip,G,0xa5df347f5b227ce66b320d0177c5c8f771c64444,灵,125000000000000000,198708644892387296,73708644892387296,0.073709,48.03,0.589669,94432,98514,651.61,99529707,99530599,402,2,kol_sell,0x46ba05f9ee6227114d656e7a2d154d9b667a93c17cb113befcc6cd7813eed2be,1,152456,152456,156604
1779343798070470533,normal_tip,C,0x0598075dc4d1c9484daa80c62313aad39fc77777,TLS,75000000000000000,148125206438041664,73125206438041664,0.073125,47.60,0.975003,60126,52774,650.87,99530298,99538544,3716,1,kol_sell,0x593d254718a791c2a3e32bff9a84a2dde23d4908b2a2d9dda84204911fb7de68,5,43784,427427,104228
1779343798070468943,fast_tip,C,0x0598075dc4d1c9484daa80c62313aad39fc77777,TLS,75000000000000000,148125206438041664,73125206438041664,0.073125,47.60,0.975003,60126,52774,650.87,99530298,99538546,3716,1,kol_sell,0x593d254718a791c2a3e32bff9a84a2dde23d4908b2a2d9dda84204911fb7de68,5,43784,427427,104228
1779348480364038812,fast_tip,G,0xb9e62df48bad247e9af365a14a2c3ff802dfdec5,MBGA,50000000000000000,80745229361617376,30745229361617372,0.030745,20.01,0.614905,28876,31128,650.98,99540686,99540798,52,1,kol_sell,0x40bc008d821f1497efc5092f161f76f46b58d46d3b6dd20a2c10f21d93536608,3,54985,45797,50268
1779348480364039972,normal_tip,G,0xb9e62df48bad247e9af365a14a2c3ff802dfdec5,MBGA,50000000000000000,80745229361617376,30745229361617372,0.030745,20.01,0.614905,28876,31128,650.98,99540686,99540802,52,1,kol_sell,0x40bc008d821f1497efc5092f161f76f46b58d46d3b6dd20a2c10f21d93536608,3,54985,45797,50268
1779349062809094098,fast_tip,G,0xd1b3e6717b1f780e4ff7202120a635e9869a7777,TLSDOG,50000000000000000,1721522444169624,-48278477555830384,-0.048278,-31.44,-0.965570,5608,6499,651.18,99541979,99541988,5,1,kol_sell,0xa250f9552c09af4084055f376096ebdac3410191c194fe8e65f46f959ce9e014,4,280,137,224
1779349062809095698,normal_tip,G,0xd1b3e6717b1f780e4ff7202120a635e9869a7777,TLSDOG,50000000000000000,1721522444169624,-48278477555830384,-0.048278,-31.44,-0.965570,5608,6499,651.18,99541979,99541990,5,1,kol_sell,0xa250f9552c09af4084055f376096ebdac3410191c194fe8e65f46f959ce9e014,4,280,137,224
1779349191726088900,normal_tip,G,0x8d841de944d0fb211c83a9fc9723b395937b7777,LISTA BANK,50000000000000000,38363828933659720,-11636171066340282,-0.011636,-7.58,-0.232723,25583,27788,651.41,99542265,99542443,80,1,kol_sell,0xba2eb41d5b5f6e28e0c292996a579687c605a6196e8558ae706af6012190aedd,1,23529,23529,21321
1779349191726087240,fast_tip,G,0x8d841de944d0fb211c83a9fc9723b395937b7777,LISTA BANK,50000000000000000,38363828933659720,-11636171066340282,-0.011636,-7.58,-0.232723,25583,27788,651.41,99542265,99542445,81,1,kol_sell,0xba2eb41d5b5f6e28e0c292996a579687c605a6196e8558ae706af6012190aedd,1,23529,23529,21321
1779349760748201743,fast_tip,G,0x3008d8e5a628a2d8971d4382496960de56aeb6bc,PUMP,75000000000000000,40088850671657832,-34911149328342160,-0.034911,-22.75,-0.465482,3231,3772,651.76,99543528,99543840,142,1,kol_sell,0xcb13c34b8edaf31649dce340cd83e99757d9a1ec0af297b128cb4ac392d0ee49,1,2139,2139,2016
1779349760748203023,normal_tip,G,0x3008d8e5a628a2d8971d4382496960de56aeb6bc,PUMP,75000000000000000,40088850671657832,-34911149328342160,-0.034911,-22.75,-0.465482,3231,3772,651.76,99543528,99543845,142,1,kol_sell,0xcb13c34b8edaf31649dce340cd83e99757d9a1ec0af297b128cb4ac392d0ee49,1,2139,2139,2016
1779336623659215666,fast_tip,G,0x205f39c39f5fe15d4ef000aeb835de8deb264444,14,50000000000000000,42848737587788208,-7151262412211798,-0.007151,-4.68,-0.143025,165647,175913,655.01,99514387,99546240,14360,1,kol_sell,0xfe729a743cd47a8d7c4ce4d002bd2ddef85e2039d7009199b8e5e73df27588d2,0,150753,150753,150753
1779336623659216896,normal_tip,G,0x205f39c39f5fe15d4ef000aeb835de8deb264444,14,50000000000000000,42848737587788208,-7151262412211798,-0.007151,-4.68,-0.143025,165647,175913,655.01,99514387,99546242,14360,1,kol_sell,0xfe729a743cd47a8d7c4ce4d002bd2ddef85e2039d7009199b8e5e73df27588d2,0,150753,150753,150753
1779353397800366664,fast_tip,G,0x0414b2de9960de26cccefa9051c6aea329c64444,BGPT,50000000000000000,43473207419403520,-6526792580596484,-0.006527,-4.27,-0.130536,20658,24691,654.01,99551599,99551603,2,1,kol_sell,0x24772a947ec58eeb2d4b721ec1b93c8bbf8595e29441a453d3d1590bcebe7162,2,22621,19780,21468
1779353397800368384,normal_tip,G,0x0414b2de9960de26cccefa9051c6aea329c64444,BGPT,50000000000000000,43473207419403520,-6526792580596484,-0.006527,-4.27,-0.130536,20658,24691,654.01,99551599,99551606,3,1,kol_sell,0x24772a947ec58eeb2d4b721ec1b93c8bbf8595e29441a453d3d1590bcebe7162,2,22621,19780,21468
1779353452824532016,fast_tip,G,0x00e12c5635b7c0f93ced80e0566ccb5596544444,BGPT,100000000000000000,36286850738146464,-63713149261853536,-0.063713,-41.65,-0.637131,35944,40281,653.78,99551721,99551782,28,2,kol_sell,0x3e672f605f66efb6a9aacdbb2f9708fcbe8f3f81740bc0b80f827796d2af38a9,1,16583,16583,14617
1779353452824533446,normal_tip,G,0x00e12c5635b7c0f93ced80e0566ccb5596544444,BGPT,100000000000000000,36286850738146464,-63713149261853536,-0.063713,-41.65,-0.637131,35944,40281,653.78,99551721,99551784,28,2,kol_sell,0x3e672f605f66efb6a9aacdbb2f9708fcbe8f3f81740bc0b80f827796d2af38a9,1,16583,16583,14617
1779353559359573021,normal_tip,H,0x7981dcdc97cbba350fee82a3403cd498f9a04444,币安队长,50000000000000000,27567250720911440,-22432749279088564,-0.022433,-14.66,-0.448655,15436,18571,653.73,99551958,99552001,20,1,kol_sell,0x4949e7c3bbe95912885f6f9905be8d43473e48d1bc2756b4e558755c3111bff4,1,11188,11188,10239
1779353559359571521,fast_tip,H,0x7981dcdc97cbba350fee82a3403cd498f9a04444,币安队长,50000000000000000,27567250720911440,-22432749279088564,-0.022433,-14.66,-0.448655,15436,18571,653.73,99551958,99552004,21,1,kol_sell,0x4949e7c3bbe95912885f6f9905be8d43473e48d1bc2756b4e558755c3111bff4,1,11188,11188,10239
1779350446966310460,normal_tip,G,0x03173fbcc63b5f27a6b3d25e03d426d143647777,HAPPY-SCI,50000000000000000,24263828233662172,-25736171766337832,-0.025736,-16.84,-0.514723,33370,35297,654.18,99545051,99553219,3682,1,kol_sell,0x8d6b9998de09dbe0057ce6063e09bc441ed2f6aed072b3ca75698431998df687,0,17129,17129,17129
1779350446966308060,fast_tip,G,0x03173fbcc63b5f27a6b3d25e03d426d143647777,HAPPY-SCI,50000000000000000,24263828233662172,-25736171766337832,-0.025736,-16.84,-0.514723,33370,35297,654.18,99545051,99553221,3682,1,kol_sell,0x8d6b9998de09dbe0057ce6063e09bc441ed2f6aed072b3ca75698431998df687,0,17129,17129,17129
1779353792128212880,normal_tip,K,0x432e1b949dec1976d035e3b810330852cffb4444,币安队长,50000000000000000,96100008916385504,46100008916385504,0.046100,30.18,0.922000,21797,25143,654.68,99552474,99555093,1182,1,kol_sell,0xd9aa3d9fc154103a49722e77845952ff4445831ab2db72fd3be2e6b2ebde8447,1,75496,38990,48325
1779353792128211180,fast_tip,K,0x432e1b949dec1976d035e3b810330852cffb4444,币安队长,50000000000000000,96100008916385504,46100008916385504,0.046100,30.18,0.922000,21797,25143,654.68,99552474,99555095,1182,1,kol_sell,0xd9aa3d9fc154103a49722e77845952ff4445831ab2db72fd3be2e6b2ebde8447,1,75496,38990,48325
1779354857780175725,normal_tip,E,0x432e1b949dec1976d035e3b810330852cffb4444,币安队长,35000000000000000,28236454922377380,-6763545077622623,-0.006764,-4.43,-0.193244,71252,71252,654.48,99554836,99555396,253,1,kol_sell,0x4b3c077e7ebf2a75f3b1a7f4a1f36e5e3d20bc26954ac8026f7ce2b61c9d8133,2,59108,57471,57483
1779354857780174425,fast_tip,E,0x432e1b949dec1976d035e3b810330852cffb4444,币安队长,35000000000000000,28236454922377380,-6763545077622623,-0.006764,-4.43,-0.193244,71252,71252,654.48,99554836,99555398,253,1,kol_sell,0x4b3c077e7ebf2a75f3b1a7f4a1f36e5e3d20bc26954ac8026f7ce2b61c9d8133,2,59108,57471,57483
1779353550603151085,normal_tip,O,0x432e1b949dec1976d035e3b810330852cffb4444,币安队长,35000000000000000,30687726655519140,-4312273344480862,-0.004312,-2.82,-0.123208,6342,7528,654.66,99551938,99555798,1741,1,kol_sell,0x512b95138349134929f3161d8c4bb0dded54a35395276f2f20d083df912bcfd5,1,7634,7634,6601
1779353550603149615,fast_tip,O,0x432e1b949dec1976d035e3b810330852cffb4444,币安队长,35000000000000000,30687726655519140,-4312273344480862,-0.004312,-2.82,-0.123208,6342,7528,654.66,99551938,99555800,1741,1,kol_sell,0x512b95138349134929f3161d8c4bb0dded54a35395276f2f20d083df912bcfd5,1,7634,7634,6601
1779355286118977034,normal_tip,G,0x8155f0df780248b61064edb3228309ba76fd4444,PBTI,50000000000000000,29541056983265868,-20458943016734136,-0.020459,-13.39,-0.409179,14438,18289,654.71,99555787,99555845,27,1,kol_sell,0x7ddba60dba1d47f8cb181d20b0eb30f7db43cfd09cfa322c370faefa7f774baa,2,14912,9196,10806
1779355286118975965,fast_tip,G,0x8155f0df780248b61064edb3228309ba76fd4444,PBTI,50000000000000000,29541056983265868,-20458943016734136,-0.020459,-13.39,-0.409179,14438,18289,654.71,99555787,99555848,27,1,kol_sell,0x7ddba60dba1d47f8cb181d20b0eb30f7db43cfd09cfa322c370faefa7f774baa,2,14912,9196,10806
1779355382995826675,fast_tip,C,0xfbe6bf434fc1245f849077f93d0c17ff66dc4444,涨,33055500000000000,23704350878409612,-9351149121590390,-0.009351,-6.12,-0.282892,5121,7378,654.72,99556002,99556011,5,1,kol_sell,0x2d23e438f13775845b1e41c40310aa11b3a2fe477f12427d27bf8981d7fdcd5e,1,6152,6152,5291
1779355382995827975,normal_tip,C,0xfbe6bf434fc1245f849077f93d0c17ff66dc4444,涨,33055500000000000,23704350878409612,-9351149121590390,-0.009351,-6.12,-0.282892,5121,7378,654.72,99556002,99556013,5,1,kol_sell,0x2d23e438f13775845b1e41c40310aa11b3a2fe477f12427d27bf8981d7fdcd5e,1,6152,6152,5291
1779355586499183042,fast_tip,B,0x036e590c1564cfb1d3a245dcea8ae316ab4b4444,披小将,32500000000000000,44106767332183512,11606767332183514,0.011607,7.60,0.357131,5652,8769,654.45,99556454,99556555,46,1,kol_sell,0x8097deda81f8b88d7ba22e2cc559a5069cc64db95e17ee736f58f7f7cb83b167,17,8793,11734,11901
1779355586499184832,normal_tip,B,0x036e590c1564cfb1d3a245dcea8ae316ab4b4444,披小将,32500000000000000,44106767332183512,11606767332183514,0.011607,7.60,0.357131,5652,8769,654.45,99556454,99556558,46,1,kol_sell,0x8097deda81f8b88d7ba22e2cc559a5069cc64db95e17ee736f58f7f7cb83b167,17,8793,11734,11901
1779355619970076632,normal_tip,D,0x036e590c1564cfb1d3a245dcea8ae316ab4b4444,披小将,34500000000000000,24563168142933520,-9936831857066484,-0.009937,-6.50,-0.288024,14669,16165,654.45,99556528,99556576,22,1,kol_sell,0x5a7f70d389065dfcb0ea946103eaedd4e2e61d8b784a261ff66020da4a139ba8,1,12731,12731,11509
1779355619970075072,fast_tip,D,0x036e590c1564cfb1d3a245dcea8ae316ab4b4444,披小将,34500000000000000,24563168142933520,-9936831857066484,-0.009937,-6.50,-0.288024,14669,16165,654.45,99556528,99556579,22,1,kol_sell,0x5a7f70d389065dfcb0ea946103eaedd4e2e61d8b784a261ff66020da4a139ba8,1,12731,12731,11509
1779355704906505468,normal_tip,O,0x036e590c1564cfb1d3a245dcea8ae316ab4b4444,披小将,35000000000000000,36532464828310656,1532464828310653,0.001532,1.00,0.043785,7183,8398,654.46,99556717,99556790,33,1,kol_sell,0xd38032cc07f4e76784d8f0301ceef25a632409c8470a5bba2b5c5562e36f9900,1,9353,8766,8766
1779355704906503298,fast_tip,O,0x036e590c1564cfb1d3a245dcea8ae316ab4b4444,披小将,35000000000000000,36532464828310656,1532464828310653,0.001532,1.00,0.043785,7183,8398,654.46,99556717,99556793,34,1,kol_sell,0xd38032cc07f4e76784d8f0301ceef25a632409c8470a5bba2b5c5562e36f9900,1,9353,8766,8766
1779356442583094221,normal_tip,C,0x2a3f2d90101498c63a34e473d81b19f630884444,凳子,33055500000000000,87377568715850672,54322068715850672,0.054322,35.44,1.643359,4892,6922,652.38,99558354,99558374,10,1,kol_sell,0x217ba5a23d2088aa4211d3aac76e60e703c2d227ba0ba4f693272696e25457a3,7,7766,31306,18297
1779356442583091861,fast_tip,C,0x2a3f2d90101498c63a34e473d81b19f630884444,凳子,33055500000000000,87377568715850672,54322068715850672,0.054322,35.44,1.643359,4892,6922,652.38,99558354,99558377,10,1,kol_sell,0x217ba5a23d2088aa4211d3aac76e60e703c2d227ba0ba4f693272696e25457a3,7,7766,31306,18297
1779356458316981442,fast_tip,O,0x2a3f2d90101498c63a34e473d81b19f630884444,凳子,35000000000000000,79359693462202560,44359693462202560,0.044360,28.94,1.267420,8044,9406,652.38,99558389,99558444,25,1,kol_sell,0x7ec4e12a7940aecdcb48bacc1c36841cd0fe3b7ff25febb526c32209cbcb52f7,4,16826,6651,21328
1779356458316982952,normal_tip,O,0x2a3f2d90101498c63a34e473d81b19f630884444,凳子,35000000000000000,79359693462202560,44359693462202560,0.044360,28.94,1.267420,8044,9406,652.38,99558389,99558447,26,1,kol_sell,0x7ec4e12a7940aecdcb48bacc1c36841cd0fe3b7ff25febb526c32209cbcb52f7,4,16826,6651,21328
1779356541755635385,normal_tip,C,0x660d3c51bcc5bc9af1357f32b28a281ec4c64444,凳子,33055500000000000,26872803434896868,-6182696565103132,-0.006183,-4.04,-0.187040,10005,10906,652.67,99558574,99558599,12,1,kol_sell,0xb4367af32401ff200f32cdd5add0a47d5d4aca355a1b742cfb950c74ab93a20f,1,11324,11324,8866
1779356541755634165,fast_tip,C,0x660d3c51bcc5bc9af1357f32b28a281ec4c64444,凳子,33055500000000000,26872803434896868,-6182696565103132,-0.006183,-4.04,-0.187040,10005,10906,652.67,99558574,99558601,12,1,kol_sell,0xb4367af32401ff200f32cdd5add0a47d5d4aca355a1b742cfb950c74ab93a20f,1,11324,11324,8866
1779365225154385329,fast_tip,D,0x0dd20f783314ff233112a0e91c96e401bdfc4444,缅A,34500000000000000,26609659042940631,-7890340957059369,-0.007890,-5.11,-0.228706,0,0,647.81,99577836,99577857,10,1,kol_sell,0xc1d1e118e723fad68a5ca906736da91a647a5d29e40894a182d1a4d18af23a55
1779365225154387539,normal_tip,D,0x0dd20f783314ff233112a0e91c96e401bdfc4444,缅A,34500000000000000,26609659042940631,-7890340957059369,-0.007890,-5.11,-0.228706,0,0,647.81,99577836,99577860,10,1,kol_sell,0xc1d1e118e723fad68a5ca906736da91a647a5d29e40894a182d1a4d18af23a55
1779365237675009632,normal_tip,D,0x42875f8431d4dd1a9b54511b04fa201c04254444,缅A,34500000000000000,33837195427702614,-662804572297386,-0.000663,-0.43,-0.019212,0,0,647.61,99577864,99577897,16,1,kol_sell,0xa826436cf927a6ce988c2610b4174fa2efa33e944a290863a8c5ad0a0f6a3f20
1779365237675008122,fast_tip,D,0x42875f8431d4dd1a9b54511b04fa201c04254444,缅A,34500000000000000,33837195427702614,-662804572297386,-0.000663,-0.43,-0.019212,0,0,647.61,99577864,99577900,16,1,kol_sell,0xa826436cf927a6ce988c2610b4174fa2efa33e944a290863a8c5ad0a0f6a3f20
1779365313103792869,normal_tip,K,0x201b74238bcc6ac86c1da03321cec62fd89c4444,共振,40000000000000000,76234870634173157,36234870634173157,0.036235,23.47,0.905872,0,0,647.63,99578031,99578046,7,1,kol_sell,0xebab757b3b794ec98c285481ac0c3c79882e8aabc1f7769d5b2895c94bbfd6c0
1779365313103791699,fast_tip,K,0x201b74238bcc6ac86c1da03321cec62fd89c4444,共振,40000000000000000,76234870634173157,36234870634173157,0.036235,23.47,0.905872,0,0,647.63,99578031,99578048,7,1,kol_sell,0xebab757b3b794ec98c285481ac0c3c79882e8aabc1f7769d5b2895c94bbfd6c0
1779365319645552672,normal_tip,O,0x201b74238bcc6ac86c1da03321cec62fd89c4444,共振,35000000000000000,19909862916387296,-15090137083612704,-0.015090,-9.77,-0.431147,0,0,647.63,99578046,99578049,1,1,kol_sell,0x4c42740163fbf04a0694f75ac4db3c94c771973b6fe35d36690ee8d4204efce7
1779365319645550653,fast_tip,O,0x201b74238bcc6ac86c1da03321cec62fd89c4444,共振,35000000000000000,19909862916387296,-15090137083612704,-0.015090,-9.77,-0.431147,0,0,647.63,99578046,99578050,2,1,kol_sell,0x4c42740163fbf04a0694f75ac4db3c94c771973b6fe35d36690ee8d4204efce7
1779365369245778556,normal_tip,D,0x33cdff4c0951836d4ce59615ed30770a8eda4444,共振,50000000000000000,61490706419667129,11490706419667129,0.011491,7.45,0.229814,0,0,647.96,99578156,99578182,12,1,kol_sell,0x02e758218b0a016156f1abe1fbe1fea0dd95cbb8207f9408f14f31a6b441c8cc
1779365369245777036,fast_tip,D,0x33cdff4c0951836d4ce59615ed30770a8eda4444,共振,50000000000000000,61490706419667129,11490706419667129,0.011491,7.45,0.229814,0,0,647.96,99578156,99578184,13,1,kol_sell,0x02e758218b0a016156f1abe1fbe1fea0dd95cbb8207f9408f14f31a6b441c8cc
1779366017130246298,fast_tip,O,0x6121fce1cb0ef2b7317f60a6c8ad209a2ac97777,LAUNCHFLAP,35000000000000000,0,-35000000000000000,-0.035000,-22.68,-1.000000,0,0,648.03,99579594,99579644,23,1,kol_sell,0x81df8dd4a6260edd2e3d6b56a717c9b26263d63b18bd9bc409e49880b51610ca
1779366017130247708,normal_tip,O,0x6121fce1cb0ef2b7317f60a6c8ad209a2ac97777,LAUNCHFLAP,35000000000000000,0,-35000000000000000,-0.035000,-22.68,-1.000000,0,0,648.03,99579594,99579647,24,1,kol_sell,0x81df8dd4a6260edd2e3d6b56a717c9b26263d63b18bd9bc409e49880b51610ca
1779367873142413088,normal_tip,O,0x5f6fd60ad6cd8751b4c521bc00fa02abfeca4444,背手负鼠,150000000000000000,141812433945752915,-8187566054247085,-0.008188,-5.31,-0.054584,1272834,1277929,649.15,99583711,99583748,17,1,kol_sell,0x29a8ae144cabacab269b1cbed168c27275cea643e1afb93f0660f8760740106c
1779367873142411498,fast_tip,O,0x5f6fd60ad6cd8751b4c521bc00fa02abfeca4444,背手负鼠,150000000000000000,141812433945752915,-8187566054247085,-0.008188,-5.31,-0.054584,1272834,1277929,649.15,99583711,99583751,17,1,kol_sell,0x29a8ae144cabacab269b1cbed168c27275cea643e1afb93f0660f8760740106c
1779368579148838036,fast_tip,C,0x37bae9d40078534143a5a92063cefcf81f454444,咪咪mimi,35000000000000000,23554924027565680,-11445075972434320,-0.011445,-7.43,-0.327002,0,0,649.55,99585279,99585328,23,1,kol_sell,0x6624e3a72c627fa4383cfdd5e8b81b3c8c019b722c5ffaeb297554d8cfa480a1
1779368579148839826,normal_tip,C,0x37bae9d40078534143a5a92063cefcf81f454444,咪咪mimi,35000000000000000,23554924027565680,-11445075972434320,-0.011445,-7.43,-0.327002,0,0,649.55,99585279,99585331,23,1,kol_sell,0x6624e3a72c627fa4383cfdd5e8b81b3c8c019b722c5ffaeb297554d8cfa480a1
1779371113543258931,normal_tip,C,0x502faad721886675e392c328fb68e8d83f4b4444,表情,33055500000000000,26232229400387850,-6823270599612150,-0.006823,-4.41,-0.206419,0,0,645.72,99590900,99590938,18,1,kol_sell,0xfe8b89477777462592468e83e2130ed8fe552d73c82b3ee30aa545aa67dd2bec
1779371113543257111,fast_tip,C,0x502faad721886675e392c328fb68e8d83f4b4444,表情,33055500000000000,32078000251489159,-977499748510841,-0.000977,-0.63,-0.029571,0,0,645.72,99590900,99590941,18,1,kol_sell,0xfe8b89477777462592468e83e2130ed8fe552d73c82b3ee30aa545aa67dd2bec
1779371267464331885,normal_tip,C,0x29dff5abb695fecb7c899a1be61f3fc6fa6d4444,meme,33055500000000000,26521341540125246,-6534158459874754,-0.006534,-4.22,-0.197672,0,0,645.89,99591241,99591272,15,1,kol_sell,0x6cb555ed5ba3c3f18ca50a14e7f689b7f5dc1449a2c4d09725cb4ba4cfc40278
1779371267464330525,fast_tip,C,0x29dff5abb695fecb7c899a1be61f3fc6fa6d4444,meme,33055500000000000,28820514599353213,-4234985400646787,-0.004235,-2.74,-0.128117,0,0,645.89,99591241,99591276,15,1,kol_sell,0x6cb555ed5ba3c3f18ca50a14e7f689b7f5dc1449a2c4d09725cb4ba4cfc40278
1779371284773681349,fast_tip,C,0x6388fa1ed31c1e61a9f29eda25849bbfc9c74444,三,33055500000000000,33453937054713760,398437054713760,0.000398,0.26,0.012054,0,0,645.88,99591280,99591310,14,1,kol_sell,0xa1f539ff4892cd7efbfaedc0024d668a6fcc072514ceb07f725ca3025efb796b
1779371284773683139,normal_tip,C,0x6388fa1ed31c1e61a9f29eda25849bbfc9c74444,三,33055500000000000,33453937054713760,398437054713760,0.000398,0.26,0.012054,0,0,645.88,99591280,99591313,14,1,kol_sell,0xa1f539ff4892cd7efbfaedc0024d668a6fcc072514ceb07f725ca3025efb796b
1779372023518553744,fast_tip,C,0xa1338b84a725ba9841d2a5fb9eb6192349ca4444,bnb guy,33055500000000000,33055500000000000,0,0.000000,0.00,0.000000,0,0,648.88,99592918,99592919,1,1,price_unavailable,0x8ebe2597f5f314bd0c1f96c12330edfda6ddcd9bc98f07e20835eca197fd1221
1779372023518554904,normal_tip,C,0xa1338b84a725ba9841d2a5fb9eb6192349ca4444,bnb guy,33055500000000000,33055500000000000,0,0.000000,0.00,0.000000,0,0,648.88,99592918,99592921,1,1,price_unavailable,0x8ebe2597f5f314bd0c1f96c12330edfda6ddcd9bc98f07e20835eca197fd1221
1779372023738178877,fast_tip,D,0x41f996942138079677cc73acbb8349f702d34444,BINANCEGUY,34500000000000000,26215597610699799,-8284402389300201,-0.008284,-5.38,-0.240128,0,0,648.88,99592918,99592938,9,1,kol_sell,0xe8fd899b983bb1b2a9a82fe78f79d9fa6f4590e12c9a7cc41d1622ebf507111e
1779372023738180897,normal_tip,D,0x41f996942138079677cc73acbb8349f702d34444,BINANCEGUY,34500000000000000,26215597610699799,-8284402389300201,-0.008284,-5.38,-0.240128,0,0,648.88,99592918,99592941,10,1,kol_sell,0xe8fd899b983bb1b2a9a82fe78f79d9fa6f4590e12c9a7cc41d1622ebf507111e
1779372038444736067,fast_tip,O,0xa1338b84a725ba9841d2a5fb9eb6192349ca4444,bnb guy,35000000000000000,21570548334460222,-13429451665539778,-0.013429,-8.72,-0.383699,0,0,649.05,99592951,99592951,0,1,kol_sell,0x9ec1cde52d00f948b5a007e239f9eb8b0f688152c3797ef673cccd197a3b9845
1779372038444737327,normal_tip,O,0xa1338b84a725ba9841d2a5fb9eb6192349ca4444,bnb guy,35000000000000000,21570548334460222,-13429451665539778,-0.013429,-8.72,-0.383699,0,0,649.05,99592951,99592952,0,1,kol_sell,0x9ec1cde52d00f948b5a007e239f9eb8b0f688152c3797ef673cccd197a3b9845
1779372071016080361,fast_tip,C,0x9c08573ad0d600f972183a5874aaa1d8414f4444,BNX,33055500000000000,28648664791101026,-4406835208898974,-0.004407,-2.86,-0.133316,0,0,649.21,99593023,99593031,3,1,kol_sell,0xf2ed58e312582fd8eb354f66a4e6d94bad8155a709f4b5a7c23347fc7517db60
1779372071016081691,normal_tip,C,0x9c08573ad0d600f972183a5874aaa1d8414f4444,BNX,33055500000000000,28648664791101026,-4406835208898974,-0.004407,-2.86,-0.133316,0,0,649.21,99593023,99593031,3,1,kol_sell,0xf2ed58e312582fd8eb354f66a4e6d94bad8155a709f4b5a7c23347fc7517db60
